[2mPM 10:38:49[22m [31m[1m[vite][22m[39m [31mInternal server error: Transform failed with 1 error:

[31m[PARSE_ERROR] [0mIdentifier `location` has already been declared
    [38;5;246m╭[0m[38;5;246m─[0m[38;5;246m[[0m src/features/catalog/ProductDetailPage.tsx:16:9 [38;5;246m][0m
    [38;5;246m│[0m
 [38;5;246m16 │[0m [38;5;249m [0m[38;5;249m [0m[38;5;249mc[0m[38;5;249mo[0m[38;5;249mn[0m[38;5;249ms[0m[38;5;249mt[0m[38;5;249m [0mlocation[38;5;249m [0m[38;5;249m=[0m[38;5;249m [0m[38;5;249mu[0m[38;5;249ms[0m[38;5;249me[0m[38;5;249mL[0m[38;5;249mo[0m[38;5;249mc[0m[38;5;249ma[0m[38;5;249mt[0m[38;5;249mi[0m[38;5;249mo[0m[38;5;249mn[0m[38;5;249m([0m[38;5;249m)[0m
 [38;5;240m   │[0m         ────┬───  
 [38;5;240m   │[0m             ╰───── `location` has already been declared here
 [38;5;246m17 │[0m [38;5;249m [0m[38;5;249m [0m[38;5;249mc[0m[38;5;249mo[0m[38;5;249mn[0m[38;5;249ms[0m[38;5;249mt[0m[38;5;249m [0mlocation[38;5;249m [0m[38;5;249m=[0m[38;5;249m [0m[38;5;249mu[0m[38;5;249ms[0m[38;5;249me[0m[38;5;249mL[0m[38;5;249mo[0m[38;5;249mc[0m[38;5;249ma[0m[38;5;249mt[0m[38;5;249mi[0m[38;5;249mo[0m[38;5;249mn[0m[38;5;249m([0m[38;5;249m)[0m
 [38;5;240m   │[0m         ────┬───  
 [38;5;240m   │[0m             ╰───── It can not be redeclared here
[38;5;246m────╯[0m
[39m
  Plugin: [35mvite:oxc[39m
  File: [36mC:/Users/user/Desktop/chulsoo-ya/Chulsoo-ya/client/src/features/catalog/ProductDetailPage.tsx[39m
      at transformWithOxc (file:///C:/Users/user/Desktop/chulsoo-ya/Chulsoo-ya/client/node_modules/vite/dist/node/chunks/node.js:4097:19)
      at TransformPluginContext.transform (file:///C:/Users/user/Desktop/chulsoo-ya/Chulsoo-ya/client/node_modules/vite/dist/node/chunks/node.js:4168:26)
      at EnvironmentPluginContainer.transform (file:///C:/Users/user/Desktop/chulsoo-ya/Chulsoo-ya/client/node_modules/vite/dist/node/chunks/node.js:30851:51)
      at async loadAndTransform (file:///C:/Users/user/Desktop/chulsoo-ya/Chulsoo-ya/client/node_modules/vite/dist/node/chunks/node.js:20619:26)
      at async viteTransformMiddleware (file:///C:/Users/user/Desktop/chulsoo-ya/Chulsoo-ya/client/node_modules/vite/dist/node/chunks/node.js:25142:20)
[2mPM 10:38:49[22m [31m[1m[vite][22m[39m [31mInternal server error: Transform failed with 3 errors:

[31m[PARSE_ERROR] [0mIdentifier `location` has already been declared
    [38;5;246m╭[0m[38;5;246m─[0m[38;5;246m[[0m src/features/auth/LoginPage.tsx:10:9 [38;5;246m][0m
    [38;5;246m│[0m
 [38;5;246m10 │[0m [38;5;249m [0m[38;5;249m [0m[38;5;249mc[0m[38;5;249mo[0m[38;5;249mn[0m[38;5;249ms[0m[38;5;249mt[0m[38;5;249m [0mlocation[38;5;249m [0m[38;5;249m=[0m[38;5;249m [0m[38;5;249mu[0m[38;5;249ms[0m[38;5;249me[0m[38;5;249mL[0m[38;5;249mo[0m[38;5;249mc[0m[38;5;249ma[0m[38;5;249mt[0m[38;5;249mi[0m[38;5;249mo[0m[38;5;249mn[0m[38;5;249m([0m[38;5;249m)[0m
 [38;5;240m   │[0m         ────┬───  
 [38;5;240m   │[0m             ╰───── `location` has already been declared here
 [38;5;240m   │[0m 
 [38;5;246m13 │[0m [38;5;249m [0m[38;5;249m [0m[38;5;249mc[0m[38;5;249mo[0m[38;5;249mn[0m[38;5;249ms[0m[38;5;249mt[0m[38;5;249m [0mlocation[38;5;249m [0m[38;5;249m=[0m[38;5;249m [0m[38;5;249mu[0m[38;5;249ms[0m[38;5;249me[0m[38;5;249mL[0m[38;5;249mo[0m[38;5;249mc[0m[38;5;249ma[0m[38;5;249mt[0m[38;5;249mi[0m[38;5;249mo[0m[38;5;249mn[0m[38;5;249m([0m[38;5;249m)[0m
 [38;5;240m   │[0m         ────┬───  
 [38;5;240m   │[0m             ╰───── It can not be redeclared here
[38;5;246m────╯[0m

[31m[PARSE_ERROR] [0mIdentifier `next` has already been declared
    [38;5;246m╭[0m[38;5;246m─[0m[38;5;246m[[0m src/features/auth/LoginPage.tsx:11:9 [38;5;246m][0m
    [38;5;246m│[0m
 [38;5;246m11 │[0m [38;5;249m [0m[38;5;249m [0m[38;5;249mc[0m[38;5;249mo[0m[38;5;249mn[0m[38;5;249ms[0m[38;5;249mt[0m[38;5;249m [0mnext[38;5;249m [0m[38;5;249m=[0m[38;5;249m [0m[38;5;249mn[0m[38;5;249me[0m[38;5;249mw[0m[38;5;249m [0m[38;5;249mU[0m[38;5;249mR[0m[38;5;249mL[0m[38;5;249mS[0m[38;5;249me[0m[38;5;249ma[0m[38;5;249mr[0m[38;5;249mc[0m[38;5;249mh[0m[38;5;249mP[0m[38;5;249ma[0m[38;5;249mr[0m[38;5;249ma[0m[38;5;249mm[0m[38;5;249ms[0m[38;5;249m([0m[38;5;249ml[0m[38;5;249mo[0m[38;5;249mc[0m[38;5;249ma[0m[38;5;249mt[0m[38;5;249mi[0m[38;5;249mo[0m[38;5;249mn[0m[38;5;249m.[0m[38;5;249ms[0m[38;5;249me[0m[38;5;249ma[0m[38;5;249mr[0m[38;5;249mc[0m[38;5;249mh[0m[38;5;249m)[0m[38;5;249m.[0m[38;5;249mg[0m[38;5;249me[0m[38;5;249mt[0m[38;5;249m([0m[38;5;249m'[0m[38;5;249mn[0m[38;5;249me[0m[38;5;249mx[0m[38;5;249mt[0m[38;5;249m'[0m[38;5;249m)[0m
 [38;5;240m   │[0m         ──┬─  
 [38;5;240m   │[0m           ╰─── `next` has already been declared here
 [38;5;240m   │[0m 
 [38;5;246m14 │[0m [38;5;249m [0m[38;5;249m [0m[38;5;249mc[0m[38;5;249mo[0m[38;5;249mn[0m[38;5;249ms[0m[38;5;249mt[0m[38;5;249m [0mnext[38;5;249m [0m[38;5;249m=[0m[38;5;249m [0m[38;5;249mn[0m[38;5;249me[0m[38;5;249mw[0m[38;5;249m [0m[38;5;249mU[0m[38;5;249mR[0m[38;5;249mL[0m[38;5;249mS[0m[38;5;249me[0m[38;5;249ma[0m[38;5;249mr[0m[38;5;249mc[0m[38;5;249mh[0m[38;5;249mP[0m[38;5;249ma[0m[38;5;249mr[0m[38;5;249ma[0m[38;5;249mm[0m[38;5;249ms[0m[38;5;249m([0m[38;5;249ml[0m[38;5;249mo[0m[38;5;249mc[0m[38;5;249ma[0m[38;5;249mt[0m[38;5;249mi[0m[38;5;249mo[0m[38;5;249mn[0m[38;5;249m.[0m[38;5;249ms[0m[38;5;249me[0m[38;5;249ma[0m[38;5;249mr[0m[38;5;249mc[0m[38;5;249mh[0m[38;5;249m)[0m[38;5;249m.[0m[38;5;249mg[0m[38;5;249me[0m[38;5;249mt[0m[38;5;249m([0m[38;5;249m'[0m[38;5;249mn[0m[38;5;249me[0m[38;5;249mx[0m[38;5;249mt[0m[38;5;249m'[0m[38;5;249m)[0m
 [38;5;240m   │[0m         ──┬─  
 [38;5;240m   │[0m           ╰─── It can not be redeclared here
[38;5;246m────╯[0m

[31m[PARSE_ERROR] [0mIdentifier `redirectPath` has already been declared
    [38;5;246m╭[0m[38;5;246m─[0m[38;5;246m[[0m src/features/auth/LoginPage.tsx:12:9 [38;5;246m][0m
    [38;5;246m│[0m
 [38;5;246m12 │[0m [38;5;249m [0m[38;5;249m [0m[38;5;249mc[0m[38;5;249mo[0m[38;5;249mn[0m[38;5;249ms[0m[38;5;249mt[0m[38;5;249m [0mredirectPath[38;5;249m [0m[38;5;249m=[0m[38;5;249m [0m[38;5;249mn[0m[38;5;249me[0m[38;5;249mx[0m[38;5;249mt[0m[38;5;249m?[0m[38;5;249m.[0m[38;5;249ms[0m[38;5;249mt[0m[38;5;249ma[0m[38;5;249mr[0m[38;5;249mt[0m[38;5;249ms[0m[38;5;249mW[0m[38;5;249mi[0m[38;5;249mt[0m[38;5;249mh[0m[38;5;249m([0m[38;5;249m'[0m[38;5;249m/[0m[38;5;249m'[0m[38;5;249m)[0m[38;5;249m [0m[38;5;249m&[0m[38;5;249m&[0m[38;5;249m [0m[38;5;249m![0m[38;5;249mn[0m[38;5;249me[0m[38;5;249mx[0m[38;5;249mt[0m[38;5;249m.[0m[38;5;249ms[0m[38;5;249mt[0m[38;5;249ma[0m[38;5;249mr[0m[38;5;249mt[0m[38;5;249ms[0m[38;5;249mW[0m[38;5;249mi[0m[38;5;249mt[0m[38;5;249mh[0m[38;5;249m([0m[38;5;249m'[0m[38;5;249m/[0m[38;5;249m/[0m[38;5;249m'[0m[38;5;249m)[0m[38;5;249m [0m[38;5;249m?[0m[38;5;249m [0m[38;5;249mn[0m[38;5;249me[0m[38;5;249mx[0m[38;5;249mt[0m[38;5;249m [0m[38;5;249m:[0m[38;5;249m [0m[38;5;249m'[0m[38;5;249m/[0m[38;5;249m'[0m
 [38;5;240m   │[0m         ──────┬─────  
 [38;5;240m   │[0m               ╰─────── `redirectPath` has already been declared here
 [38;5;240m   │[0m 
 [38;5;246m15 │[0m [38;5;249m [0m[38;5;249m [0m[38;5;249mc[0m[38;5;249mo[0m[38;5;249mn[0m[38;5;249ms[0m[38;5;249mt[0m[38;5;249m [0mredirectPath[38;5;249m [0m[38;5;249m=[0m[38;5;249m [0m[38;5;249mn[0m[38;5;249me[0m[38;5;249mx[0m[38;5;249mt[0m[38;5;249m?[0m[38;5;249m.[0m[38;5;249ms[0m[38;5;249mt[0m[38;5;249ma[0m[38;5;249mr[0m[38;5;249mt[0m[38;5;249ms[0m[38;5;249mW[0m[38;5;249mi[0m[38;5;249mt[0m[38;5;249mh[0m[38;5;249m([0m[38;5;249m'[0m[38;5;249m/[0m[38;5;249m'[0m[38;5;249m)[0m[38;5;249m [0m[38;5;249m&[0m[38;5;249m&[0m[38;5;249m [0m[38;5;249m![0m[38;5;249mn[0m[38;5;249me[0m[38;5;249mx[0m[38;5;249mt[0m[38;5;249m.[0m[38;5;249ms[0m[38;5;249mt[0m[38;5;249ma[0m[38;5;249mr[0m[38;5;249mt[0m[38;5;249ms[0m[38;5;249mW[0m[38;5;249mi[0m[38;5;249mt[0m[38;5;249mh[0m[38;5;249m([0m[38;5;249m'[0m[38;5;249m/[0m[38;5;249m/[0m[38;5;249m'[0m[38;5;249m)[0m[38;5;249m [0m[38;5;249m?[0m[38;5;249m [0m[38;5;249mn[0m[38;5;249me[0m[38;5;249mx[0m[38;5;249mt[0m[38;5;249m [0m[38;5;249m:[0m[38;5;249m [0m[38;5;249m'[0m[38;5;249m/[0m[38;5;249m'[0m
 [38;5;240m   │[0m         ──────┬─────  
 [38;5;240m   │[0m               ╰─────── It can not be redeclared here
[38;5;246m────╯[0m
[39m
  Plugin: [35mvite:oxc[39m
  File: [36mC:/Users/user/Desktop/chulsoo-ya/Chulsoo-ya/client/src/features/auth/LoginPage.tsx[39m
      at transformWithOxc (file:///C:/Users/user/Desktop/chulsoo-ya/Chulsoo-ya/client/node_modules/vite/dist/node/chunks/node.js:4097:19)
      at TransformPluginContext.transform (file:///C:/Users/user/Desktop/chulsoo-ya/Chulsoo-ya/client/node_modules/vite/dist/node/chunks/node.js:4168:26)
      at EnvironmentPluginContainer.transform (file:///C:/Users/user/Desktop/chulsoo-ya/Chulsoo-ya/client/node_modules/vite/dist/node/chunks/node.js:30851:51)
      at async loadAndTransform (file:///C:/Users/user/Desktop/chulsoo-ya/Chulsoo-ya/client/node_modules/vite/dist/node/chunks/node.js:20619:26)
      at async viteTransformMiddleware (file:///C:/Users/user/Desktop/chulsoo-ya/Chulsoo-ya/client/node_modules/vite/dist/node/chunks/node.js:25142:20)
[2mPM 11:09:29[22m [31m[1m[vite][22m[39m [31mInternal server error: Transform failed with 1 error:

[31m[PARSE_ERROR] [0mUnexpected token
    [38;5;246m╭[0m[38;5;246m─[0m[38;5;246m[[0m src/components/shop/ShopHeader.tsx:10:29 [38;5;246m][0m
    [38;5;246m│[0m
 [38;5;246m10 │[0m [38;5;249m [0m[38;5;249m [0m[38;5;249m{[0m[38;5;249m [0m[38;5;249ml[0m[38;5;249ma[0m[38;5;249mb[0m[38;5;249me[0m[38;5;249ml[0m[38;5;249m:[0m[38;5;249m [0m[38;5;249m'[0m[38;5;249m鍮[0m[38;5;249m좊[0m[38;5;249mⅨ[0m[38;5;249m [0m[38;5;249m?[0m[38;5;249m[0m[38;5;249m?[0m[38;5;249m?[0m[38;5;249m,[0m[38;5;249m [0m[38;5;249mt[0m[38;5;249mo[0m[38;5;249m:[0m[38;5;249m [0m[38;5;249m'[0m[38;5;249m/[0m?[38;5;249ms[0m[38;5;249me[0m[38;5;249mc[0m[38;5;249mt[0m[38;5;249mi[0m[38;5;249mo[0m[38;5;249mn[0m[38;5;249m=[0m[38;5;249mq[0m[38;5;249mu[0m[38;5;249mi[0m[38;5;249mc[0m[38;5;249mk[0m[38;5;249m-[0m[38;5;249mh[0m[38;5;249me[0m[38;5;249mr[0m[38;5;249mo[0m[38;5;249m'[0m[38;5;249m,[0m[38;5;249m [0m[38;5;249mt[0m[38;5;249mo[0m[38;5;249mn[0m[38;5;249me[0m[38;5;249m:[0m[38;5;249m [0m[38;5;249m'[0m[38;5;249mt[0m[38;5;249me[0m[38;5;249mx[0m[38;5;249mt[0m[38;5;249m-[0m[38;5;249mb[0m[38;5;249ml[0m[38;5;249mu[0m[38;5;249me[0m[38;5;249m-[0m[38;5;249m6[0m[38;5;249m0[0m[38;5;249m0[0m[38;5;249m'[0m[38;5;249m [0m[38;5;249m}[0m[38;5;249m,[0m
 [38;5;240m   │[0m                               ┬  
 [38;5;240m   │[0m                               ╰── 
[38;5;246m────╯[0m
[39m
  Plugin: [35mvite:oxc[39m
  File: [36mC:/Users/user/Desktop/chulsoo-ya/Chulsoo-ya/client/src/components/shop/ShopHeader.tsx[39m
      at transformWithOxc (file:///C:/Users/user/Desktop/chulsoo-ya/Chulsoo-ya/client/node_modules/vite/dist/node/chunks/node.js:4097:19)
      at TransformPluginContext.transform (file:///C:/Users/user/Desktop/chulsoo-ya/Chulsoo-ya/client/node_modules/vite/dist/node/chunks/node.js:4168:26)
      at EnvironmentPluginContainer.transform (file:///C:/Users/user/Desktop/chulsoo-ya/Chulsoo-ya/client/node_modules/vite/dist/node/chunks/node.js:30851:51)
      at async loadAndTransform (file:///C:/Users/user/Desktop/chulsoo-ya/Chulsoo-ya/client/node_modules/vite/dist/node/chunks/node.js:20619:26)
      at async viteTransformMiddleware (file:///C:/Users/user/Desktop/chulsoo-ya/Chulsoo-ya/client/node_modules/vite/dist/node/chunks/node.js:25142:20)
[2mPM 11:09:57[22m [31m[1m[vite][22m[39m [31m[2m(client)[22m[39m Pre-transform error: Transform failed with 1 error:

[31m[PARSE_ERROR] [0mUnexpected token
    [38;5;246m╭[0m[38;5;246m─[0m[38;5;246m[[0m src/components/shop/ShopHeader.tsx:10:29 [38;5;246m][0m
    [38;5;246m│[0m
 [38;5;246m10 │[0m [38;5;249m [0m[38;5;249m [0m[38;5;249m{[0m[38;5;249m [0m[38;5;249ml[0m[38;5;249ma[0m[38;5;249mb[0m[38;5;249me[0m[38;5;249ml[0m[38;5;249m:[0m[38;5;249m [0m[38;5;249m'[0m[38;5;249m鍮[0m[38;5;249m좊[0m[38;5;249mⅨ[0m[38;5;249m [0m[38;5;249m?[0m[38;5;249m[0m[38;5;249m?[0m[38;5;249m?[0m[38;5;249m,[0m[38;5;249m [0m[38;5;249mt[0m[38;5;249mo[0m[38;5;249m:[0m[38;5;249m [0m[38;5;249m'[0m[38;5;249m/[0m?[38;5;249ms[0m[38;5;249me[0m[38;5;249mc[0m[38;5;249mt[0m[38;5;249mi[0m[38;5;249mo[0m[38;5;249mn[0m[38;5;249m=[0m[38;5;249mq[0m[38;5;249mu[0m[38;5;249mi[0m[38;5;249mc[0m[38;5;249mk[0m[38;5;249m-[0m[38;5;249mh[0m[38;5;249me[0m[38;5;249mr[0m[38;5;249mo[0m[38;5;249m'[0m[38;5;249m,[0m[38;5;249m [0m[38;5;249mt[0m[38;5;249mo[0m[38;5;249mn[0m[38;5;249me[0m[38;5;249m:[0m[38;5;249m [0m[38;5;249m'[0m[38;5;249mt[0m[38;5;249me[0m[38;5;249mx[0m[38;5;249mt[0m[38;5;249m-[0m[38;5;249mb[0m[38;5;249ml[0m[38;5;249mu[0m[38;5;249me[0m[38;5;249m-[0m[38;5;249m6[0m[38;5;249m0[0m[38;5;249m0[0m[38;5;249m'[0m[38;5;249m [0m[38;5;249m}[0m[38;5;249m,[0m
 [38;5;240m   │[0m                               ┬  
 [38;5;240m   │[0m                               ╰── 
[38;5;246m────╯[0m

  Plugin: [35mvite:oxc[39m
  File: [36mC:/Users/user/Desktop/chulsoo-ya/Chulsoo-ya/client/src/components/shop/ShopHeader.tsx[39m
[2mPM 11:09:58[22m [31m[1m[vite][22m[39m [31mInternal server error: Transform failed with 1 error:

[31m[PARSE_ERROR] [0mUnexpected token
    [38;5;246m╭[0m[38;5;246m─[0m[38;5;246m[[0m src/components/shop/ShopHeader.tsx:10:29 [38;5;246m][0m
    [38;5;246m│[0m
 [38;5;246m10 │[0m [38;5;249m [0m[38;5;249m [0m[38;5;249m{[0m[38;5;249m [0m[38;5;249ml[0m[38;5;249ma[0m[38;5;249mb[0m[38;5;249me[0m[38;5;249ml[0m[38;5;249m:[0m[38;5;249m [0m[38;5;249m'[0m[38;5;249m鍮[0m[38;5;249m좊[0m[38;5;249mⅨ[0m[38;5;249m [0m[38;5;249m?[0m[38;5;249m[0m[38;5;249m?[0m[38;5;249m?[0m[38;5;249m,[0m[38;5;249m [0m[38;5;249mt[0m[38;5;249mo[0m[38;5;249m:[0m[38;5;249m [0m[38;5;249m'[0m[38;5;249m/[0m?[38;5;249ms[0m[38;5;249me[0m[38;5;249mc[0m[38;5;249mt[0m[38;5;249mi[0m[38;5;249mo[0m[38;5;249mn[0m[38;5;249m=[0m[38;5;249mq[0m[38;5;249mu[0m[38;5;249mi[0m[38;5;249mc[0m[38;5;249mk[0m[38;5;249m-[0m[38;5;249mh[0m[38;5;249me[0m[38;5;249mr[0m[38;5;249mo[0m[38;5;249m'[0m[38;5;249m,[0m[38;5;249m [0m[38;5;249mt[0m[38;5;249mo[0m[38;5;249mn[0m[38;5;249me[0m[38;5;249m:[0m[38;5;249m [0m[38;5;249m'[0m[38;5;249mt[0m[38;5;249me[0m[38;5;249mx[0m[38;5;249mt[0m[38;5;249m-[0m[38;5;249mb[0m[38;5;249ml[0m[38;5;249mu[0m[38;5;249me[0m[38;5;249m-[0m[38;5;249m6[0m[38;5;249m0[0m[38;5;249m0[0m[38;5;249m'[0m[38;5;249m [0m[38;5;249m}[0m[38;5;249m,[0m
 [38;5;240m   │[0m                               ┬  
 [38;5;240m   │[0m                               ╰── 
[38;5;246m────╯[0m
[39m
  Plugin: [35mvite:oxc[39m
  File: [36mC:/Users/user/Desktop/chulsoo-ya/Chulsoo-ya/client/src/components/shop/ShopHeader.tsx[39m
      at transformWithOxc (file:///C:/Users/user/Desktop/chulsoo-ya/Chulsoo-ya/client/node_modules/vite/dist/node/chunks/node.js:4097:19)
      at TransformPluginContext.transform (file:///C:/Users/user/Desktop/chulsoo-ya/Chulsoo-ya/client/node_modules/vite/dist/node/chunks/node.js:4168:26)
      at EnvironmentPluginContainer.transform (file:///C:/Users/user/Desktop/chulsoo-ya/Chulsoo-ya/client/node_modules/vite/dist/node/chunks/node.js:30851:51)
      at async loadAndTransform (file:///C:/Users/user/Desktop/chulsoo-ya/Chulsoo-ya/client/node_modules/vite/dist/node/chunks/node.js:20619:26)
      at async viteTransformMiddleware (file:///C:/Users/user/Desktop/chulsoo-ya/Chulsoo-ya/client/node_modules/vite/dist/node/chunks/node.js:25142:20)
[2mPM 11:09:59[22m [31m[1m[vite][22m[39m [31mInternal server error: Transform failed with 1 error:

[31m[PARSE_ERROR] [0mUnexpected token
    [38;5;246m╭[0m[38;5;246m─[0m[38;5;246m[[0m src/components/shop/ShopHeader.tsx:10:29 [38;5;246m][0m
    [38;5;246m│[0m
 [38;5;246m10 │[0m [38;5;249m [0m[38;5;249m [0m[38;5;249m{[0m[38;5;249m [0m[38;5;249ml[0m[38;5;249ma[0m[38;5;249mb[0m[38;5;249me[0m[38;5;249ml[0m[38;5;249m:[0m[38;5;249m [0m[38;5;249m'[0m[38;5;249m鍮[0m[38;5;249m좊[0m[38;5;249mⅨ[0m[38;5;249m [0m[38;5;249m?[0m[38;5;249m[0m[38;5;249m?[0m[38;5;249m?[0m[38;5;249m,[0m[38;5;249m [0m[38;5;249mt[0m[38;5;249mo[0m[38;5;249m:[0m[38;5;249m [0m[38;5;249m'[0m[38;5;249m/[0m?[38;5;249ms[0m[38;5;249me[0m[38;5;249mc[0m[38;5;249mt[0m[38;5;249mi[0m[38;5;249mo[0m[38;5;249mn[0m[38;5;249m=[0m[38;5;249mq[0m[38;5;249mu[0m[38;5;249mi[0m[38;5;249mc[0m[38;5;249mk[0m[38;5;249m-[0m[38;5;249mh[0m[38;5;249me[0m[38;5;249mr[0m[38;5;249mo[0m[38;5;249m'[0m[38;5;249m,[0m[38;5;249m [0m[38;5;249mt[0m[38;5;249mo[0m[38;5;249mn[0m[38;5;249me[0m[38;5;249m:[0m[38;5;249m [0m[38;5;249m'[0m[38;5;249mt[0m[38;5;249me[0m[38;5;249mx[0m[38;5;249mt[0m[38;5;249m-[0m[38;5;249mb[0m[38;5;249ml[0m[38;5;249mu[0m[38;5;249me[0m[38;5;249m-[0m[38;5;249m6[0m[38;5;249m0[0m[38;5;249m0[0m[38;5;249m'[0m[38;5;249m [0m[38;5;249m}[0m[38;5;249m,[0m
 [38;5;240m   │[0m                               ┬  
 [38;5;240m   │[0m                               ╰── 
[38;5;246m────╯[0m
[39m
  Plugin: [35mvite:oxc[39m
  File: [36mC:/Users/user/Desktop/chulsoo-ya/Chulsoo-ya/client/src/components/shop/ShopHeader.tsx[39m
      at transformWithOxc (file:///C:/Users/user/Desktop/chulsoo-ya/Chulsoo-ya/client/node_modules/vite/dist/node/chunks/node.js:4097:19)
      at TransformPluginContext.transform (file:///C:/Users/user/Desktop/chulsoo-ya/Chulsoo-ya/client/node_modules/vite/dist/node/chunks/node.js:4168:26)
      at EnvironmentPluginContainer.transform (file:///C:/Users/user/Desktop/chulsoo-ya/Chulsoo-ya/client/node_modules/vite/dist/node/chunks/node.js:30851:51)
      at async loadAndTransform (file:///C:/Users/user/Desktop/chulsoo-ya/Chulsoo-ya/client/node_modules/vite/dist/node/chunks/node.js:20619:26)
      at async viteTransformMiddleware (file:///C:/Users/user/Desktop/chulsoo-ya/Chulsoo-ya/client/node_modules/vite/dist/node/chunks/node.js:25142:20)
[2mPM 11:10:02[22m [31m[1m[vite][22m[39m [31mInternal server error: Transform failed with 1 error:

[31m[PARSE_ERROR] [0mUnexpected token
    [38;5;246m╭[0m[38;5;246m─[0m[38;5;246m[[0m src/components/shop/ShopHeader.tsx:10:29 [38;5;246m][0m
    [38;5;246m│[0m
 [38;5;246m10 │[0m [38;5;249m [0m[38;5;249m [0m[38;5;249m{[0m[38;5;249m [0m[38;5;249ml[0m[38;5;249ma[0m[38;5;249mb[0m[38;5;249me[0m[38;5;249ml[0m[38;5;249m:[0m[38;5;249m [0m[38;5;249m'[0m[38;5;249m鍮[0m[38;5;249m좊[0m[38;5;249mⅨ[0m[38;5;249m [0m[38;5;249m?[0m[38;5;249m[0m[38;5;249m?[0m[38;5;249m?[0m[38;5;249m,[0m[38;5;249m [0m[38;5;249mt[0m[38;5;249mo[0m[38;5;249m:[0m[38;5;249m [0m[38;5;249m'[0m[38;5;249m/[0m?[38;5;249ms[0m[38;5;249me[0m[38;5;249mc[0m[38;5;249mt[0m[38;5;249mi[0m[38;5;249mo[0m[38;5;249mn[0m[38;5;249m=[0m[38;5;249mq[0m[38;5;249mu[0m[38;5;249mi[0m[38;5;249mc[0m[38;5;249mk[0m[38;5;249m-[0m[38;5;249mh[0m[38;5;249me[0m[38;5;249mr[0m[38;5;249mo[0m[38;5;249m'[0m[38;5;249m,[0m[38;5;249m [0m[38;5;249mt[0m[38;5;249mo[0m[38;5;249mn[0m[38;5;249me[0m[38;5;249m:[0m[38;5;249m [0m[38;5;249m'[0m[38;5;249mt[0m[38;5;249me[0m[38;5;249mx[0m[38;5;249mt[0m[38;5;249m-[0m[38;5;249mb[0m[38;5;249ml[0m[38;5;249mu[0m[38;5;249me[0m[38;5;249m-[0m[38;5;249m6[0m[38;5;249m0[0m[38;5;249m0[0m[38;5;249m'[0m[38;5;249m [0m[38;5;249m}[0m[38;5;249m,[0m
 [38;5;240m   │[0m                               ┬  
 [38;5;240m   │[0m                               ╰── 
[38;5;246m────╯[0m
[39m
  Plugin: [35mvite:oxc[39m
  File: [36mC:/Users/user/Desktop/chulsoo-ya/Chulsoo-ya/client/src/components/shop/ShopHeader.tsx[39m
      at transformWithOxc (file:///C:/Users/user/Desktop/chulsoo-ya/Chulsoo-ya/client/node_modules/vite/dist/node/chunks/node.js:4097:19)
      at TransformPluginContext.transform (file:///C:/Users/user/Desktop/chulsoo-ya/Chulsoo-ya/client/node_modules/vite/dist/node/chunks/node.js:4168:26)
      at EnvironmentPluginContainer.transform (file:///C:/Users/user/Desktop/chulsoo-ya/Chulsoo-ya/client/node_modules/vite/dist/node/chunks/node.js:30851:51)
      at async loadAndTransform (file:///C:/Users/user/Desktop/chulsoo-ya/Chulsoo-ya/client/node_modules/vite/dist/node/chunks/node.js:20619:26)
      at async viteTransformMiddleware (file:///C:/Users/user/Desktop/chulsoo-ya/Chulsoo-ya/client/node_modules/vite/dist/node/chunks/node.js:25142:20)
[2mPM 11:10:10[22m [31m[1m[vite][22m[39m [31mInternal server error: Transform failed with 1 error:

[31m[PARSE_ERROR] [0mUnexpected token
    [38;5;246m╭[0m[38;5;246m─[0m[38;5;246m[[0m src/components/shop/ShopHeader.tsx:10:29 [38;5;246m][0m
    [38;5;246m│[0m
 [38;5;246m10 │[0m [38;5;249m [0m[38;5;249m [0m[38;5;249m{[0m[38;5;249m [0m[38;5;249ml[0m[38;5;249ma[0m[38;5;249mb[0m[38;5;249me[0m[38;5;249ml[0m[38;5;249m:[0m[38;5;249m [0m[38;5;249m'[0m[38;5;249m鍮[0m[38;5;249m좊[0m[38;5;249mⅨ[0m[38;5;249m [0m[38;5;249m?[0m[38;5;249m[0m[38;5;249m?[0m[38;5;249m?[0m[38;5;249m,[0m[38;5;249m [0m[38;5;249mt[0m[38;5;249mo[0m[38;5;249m:[0m[38;5;249m [0m[38;5;249m'[0m[38;5;249m/[0m?[38;5;249ms[0m[38;5;249me[0m[38;5;249mc[0m[38;5;249mt[0m[38;5;249mi[0m[38;5;249mo[0m[38;5;249mn[0m[38;5;249m=[0m[38;5;249mq[0m[38;5;249mu[0m[38;5;249mi[0m[38;5;249mc[0m[38;5;249mk[0m[38;5;249m-[0m[38;5;249mh[0m[38;5;249me[0m[38;5;249mr[0m[38;5;249mo[0m[38;5;249m'[0m[38;5;249m,[0m[38;5;249m [0m[38;5;249mt[0m[38;5;249mo[0m[38;5;249mn[0m[38;5;249me[0m[38;5;249m:[0m[38;5;249m [0m[38;5;249m'[0m[38;5;249mt[0m[38;5;249me[0m[38;5;249mx[0m[38;5;249mt[0m[38;5;249m-[0m[38;5;249mb[0m[38;5;249ml[0m[38;5;249mu[0m[38;5;249me[0m[38;5;249m-[0m[38;5;249m6[0m[38;5;249m0[0m[38;5;249m0[0m[38;5;249m'[0m[38;5;249m [0m[38;5;249m}[0m[38;5;249m,[0m
 [38;5;240m   │[0m                               ┬  
 [38;5;240m   │[0m                               ╰── 
[38;5;246m────╯[0m
[39m
  Plugin: [35mvite:oxc[39m
  File: [36mC:/Users/user/Desktop/chulsoo-ya/Chulsoo-ya/client/src/components/shop/ShopHeader.tsx[39m
      at transformWithOxc (file:///C:/Users/user/Desktop/chulsoo-ya/Chulsoo-ya/client/node_modules/vite/dist/node/chunks/node.js:4097:19)
      at TransformPluginContext.transform (file:///C:/Users/user/Desktop/chulsoo-ya/Chulsoo-ya/client/node_modules/vite/dist/node/chunks/node.js:4168:26)
      at EnvironmentPluginContainer.transform (file:///C:/Users/user/Desktop/chulsoo-ya/Chulsoo-ya/client/node_modules/vite/dist/node/chunks/node.js:30851:51)
      at async loadAndTransform (file:///C:/Users/user/Desktop/chulsoo-ya/Chulsoo-ya/client/node_modules/vite/dist/node/chunks/node.js:20619:26)
      at async viteTransformMiddleware (file:///C:/Users/user/Desktop/chulsoo-ya/Chulsoo-ya/client/node_modules/vite/dist/node/chunks/node.js:25142:20)
[2mPM 11:10:25[22m [31m[1m[vite][22m[39m [31mInternal server error: Transform failed with 1 error:

[31m[PARSE_ERROR] [0mUnexpected token
    [38;5;246m╭[0m[38;5;246m─[0m[38;5;246m[[0m src/components/shop/ShopHeader.tsx:10:29 [38;5;246m][0m
    [38;5;246m│[0m
 [38;5;246m10 │[0m [38;5;249m [0m[38;5;249m [0m[38;5;249m{[0m[38;5;249m [0m[38;5;249ml[0m[38;5;249ma[0m[38;5;249mb[0m[38;5;249me[0m[38;5;249ml[0m[38;5;249m:[0m[38;5;249m [0m[38;5;249m'[0m[38;5;249m鍮[0m[38;5;249m좊[0m[38;5;249mⅨ[0m[38;5;249m [0m[38;5;249m?[0m[38;5;249m[0m[38;5;249m?[0m[38;5;249m?[0m[38;5;249m,[0m[38;5;249m [0m[38;5;249mt[0m[38;5;249mo[0m[38;5;249m:[0m[38;5;249m [0m[38;5;249m'[0m[38;5;249m/[0m?[38;5;249ms[0m[38;5;249me[0m[38;5;249mc[0m[38;5;249mt[0m[38;5;249mi[0m[38;5;249mo[0m[38;5;249mn[0m[38;5;249m=[0m[38;5;249mq[0m[38;5;249mu[0m[38;5;249mi[0m[38;5;249mc[0m[38;5;249mk[0m[38;5;249m-[0m[38;5;249mh[0m[38;5;249me[0m[38;5;249mr[0m[38;5;249mo[0m[38;5;249m'[0m[38;5;249m,[0m[38;5;249m [0m[38;5;249mt[0m[38;5;249mo[0m[38;5;249mn[0m[38;5;249me[0m[38;5;249m:[0m[38;5;249m [0m[38;5;249m'[0m[38;5;249mt[0m[38;5;249me[0m[38;5;249mx[0m[38;5;249mt[0m[38;5;249m-[0m[38;5;249mb[0m[38;5;249ml[0m[38;5;249mu[0m[38;5;249me[0m[38;5;249m-[0m[38;5;249m6[0m[38;5;249m0[0m[38;5;249m0[0m[38;5;249m'[0m[38;5;249m [0m[38;5;249m}[0m[38;5;249m,[0m
 [38;5;240m   │[0m                               ┬  
 [38;5;240m   │[0m                               ╰── 
[38;5;246m────╯[0m
[39m
  Plugin: [35mvite:oxc[39m
  File: [36mC:/Users/user/Desktop/chulsoo-ya/Chulsoo-ya/client/src/components/shop/ShopHeader.tsx[39m
      at transformWithOxc (file:///C:/Users/user/Desktop/chulsoo-ya/Chulsoo-ya/client/node_modules/vite/dist/node/chunks/node.js:4097:19)
      at TransformPluginContext.transform (file:///C:/Users/user/Desktop/chulsoo-ya/Chulsoo-ya/client/node_modules/vite/dist/node/chunks/node.js:4168:26)
      at EnvironmentPluginContainer.transform (file:///C:/Users/user/Desktop/chulsoo-ya/Chulsoo-ya/client/node_modules/vite/dist/node/chunks/node.js:30851:51)
      at async loadAndTransform (file:///C:/Users/user/Desktop/chulsoo-ya/Chulsoo-ya/client/node_modules/vite/dist/node/chunks/node.js:20619:26)
      at async viteTransformMiddleware (file:///C:/Users/user/Desktop/chulsoo-ya/Chulsoo-ya/client/node_modules/vite/dist/node/chunks/node.js:25142:20)
[2mPM 11:10:27[22m [31m[1m[vite][22m[39m [31mInternal server error: Transform failed with 1 error:

[31m[PARSE_ERROR] [0mUnexpected token
    [38;5;246m╭[0m[38;5;246m─[0m[38;5;246m[[0m src/components/shop/ShopHeader.tsx:10:29 [38;5;246m][0m
    [38;5;246m│[0m
 [38;5;246m10 │[0m [38;5;249m [0m[38;5;249m [0m[38;5;249m{[0m[38;5;249m [0m[38;5;249ml[0m[38;5;249ma[0m[38;5;249mb[0m[38;5;249me[0m[38;5;249ml[0m[38;5;249m:[0m[38;5;249m [0m[38;5;249m'[0m[38;5;249m鍮[0m[38;5;249m좊[0m[38;5;249mⅨ[0m[38;5;249m [0m[38;5;249m?[0m[38;5;249m[0m[38;5;249m?[0m[38;5;249m?[0m[38;5;249m,[0m[38;5;249m [0m[38;5;249mt[0m[38;5;249mo[0m[38;5;249m:[0m[38;5;249m [0m[38;5;249m'[0m[38;5;249m/[0m?[38;5;249ms[0m[38;5;249me[0m[38;5;249mc[0m[38;5;249mt[0m[38;5;249mi[0m[38;5;249mo[0m[38;5;249mn[0m[38;5;249m=[0m[38;5;249mq[0m[38;5;249mu[0m[38;5;249mi[0m[38;5;249mc[0m[38;5;249mk[0m[38;5;249m-[0m[38;5;249mh[0m[38;5;249me[0m[38;5;249mr[0m[38;5;249mo[0m[38;5;249m'[0m[38;5;249m,[0m[38;5;249m [0m[38;5;249mt[0m[38;5;249mo[0m[38;5;249mn[0m[38;5;249me[0m[38;5;249m:[0m[38;5;249m [0m[38;5;249m'[0m[38;5;249mt[0m[38;5;249me[0m[38;5;249mx[0m[38;5;249mt[0m[38;5;249m-[0m[38;5;249mb[0m[38;5;249ml[0m[38;5;249mu[0m[38;5;249me[0m[38;5;249m-[0m[38;5;249m6[0m[38;5;249m0[0m[38;5;249m0[0m[38;5;249m'[0m[38;5;249m [0m[38;5;249m}[0m[38;5;249m,[0m
 [38;5;240m   │[0m                               ┬  
 [38;5;240m   │[0m                               ╰── 
[38;5;246m────╯[0m
[39m
  Plugin: [35mvite:oxc[39m
  File: [36mC:/Users/user/Desktop/chulsoo-ya/Chulsoo-ya/client/src/components/shop/ShopHeader.tsx[39m
      at transformWithOxc (file:///C:/Users/user/Desktop/chulsoo-ya/Chulsoo-ya/client/node_modules/vite/dist/node/chunks/node.js:4097:19)
      at TransformPluginContext.transform (file:///C:/Users/user/Desktop/chulsoo-ya/Chulsoo-ya/client/node_modules/vite/dist/node/chunks/node.js:4168:26)
      at EnvironmentPluginContainer.transform (file:///C:/Users/user/Desktop/chulsoo-ya/Chulsoo-ya/client/node_modules/vite/dist/node/chunks/node.js:30851:51)
      at async loadAndTransform (file:///C:/Users/user/Desktop/chulsoo-ya/Chulsoo-ya/client/node_modules/vite/dist/node/chunks/node.js:20619:26)
      at async viteTransformMiddleware (file:///C:/Users/user/Desktop/chulsoo-ya/Chulsoo-ya/client/node_modules/vite/dist/node/chunks/node.js:25142:20)
[2mPM 11:10:40[22m [31m[1m[vite][22m[39m [31mInternal server error: Transform failed with 1 error:

[31m[PARSE_ERROR] [0mUnexpected token
    [38;5;246m╭[0m[38;5;246m─[0m[38;5;246m[[0m src/components/shop/ShopHeader.tsx:10:29 [38;5;246m][0m
    [38;5;246m│[0m
 [38;5;246m10 │[0m [38;5;249m [0m[38;5;249m [0m[38;5;249m{[0m[38;5;249m [0m[38;5;249ml[0m[38;5;249ma[0m[38;5;249mb[0m[38;5;249me[0m[38;5;249ml[0m[38;5;249m:[0m[38;5;249m [0m[38;5;249m'[0m[38;5;249m鍮[0m[38;5;249m좊[0m[38;5;249mⅨ[0m[38;5;249m [0m[38;5;249m?[0m[38;5;249m[0m[38;5;249m?[0m[38;5;249m?[0m[38;5;249m,[0m[38;5;249m [0m[38;5;249mt[0m[38;5;249mo[0m[38;5;249m:[0m[38;5;249m [0m[38;5;249m'[0m[38;5;249m/[0m?[38;5;249ms[0m[38;5;249me[0m[38;5;249mc[0m[38;5;249mt[0m[38;5;249mi[0m[38;5;249mo[0m[38;5;249mn[0m[38;5;249m=[0m[38;5;249mq[0m[38;5;249mu[0m[38;5;249mi[0m[38;5;249mc[0m[38;5;249mk[0m[38;5;249m-[0m[38;5;249mh[0m[38;5;249me[0m[38;5;249mr[0m[38;5;249mo[0m[38;5;249m'[0m[38;5;249m,[0m[38;5;249m [0m[38;5;249mt[0m[38;5;249mo[0m[38;5;249mn[0m[38;5;249me[0m[38;5;249m:[0m[38;5;249m [0m[38;5;249m'[0m[38;5;249mt[0m[38;5;249me[0m[38;5;249mx[0m[38;5;249mt[0m[38;5;249m-[0m[38;5;249mb[0m[38;5;249ml[0m[38;5;249mu[0m[38;5;249me[0m[38;5;249m-[0m[38;5;249m6[0m[38;5;249m0[0m[38;5;249m0[0m[38;5;249m'[0m[38;5;249m [0m[38;5;249m}[0m[38;5;249m,[0m
 [38;5;240m   │[0m                               ┬  
 [38;5;240m   │[0m                               ╰── 
[38;5;246m────╯[0m
[39m
  Plugin: [35mvite:oxc[39m
  File: [36mC:/Users/user/Desktop/chulsoo-ya/Chulsoo-ya/client/src/components/shop/ShopHeader.tsx[39m
      at transformWithOxc (file:///C:/Users/user/Desktop/chulsoo-ya/Chulsoo-ya/client/node_modules/vite/dist/node/chunks/node.js:4097:19)
      at TransformPluginContext.transform (file:///C:/Users/user/Desktop/chulsoo-ya/Chulsoo-ya/client/node_modules/vite/dist/node/chunks/node.js:4168:26)
      at EnvironmentPluginContainer.transform (file:///C:/Users/user/Desktop/chulsoo-ya/Chulsoo-ya/client/node_modules/vite/dist/node/chunks/node.js:30851:51)
      at async loadAndTransform (file:///C:/Users/user/Desktop/chulsoo-ya/Chulsoo-ya/client/node_modules/vite/dist/node/chunks/node.js:20619:26)
      at async viteTransformMiddleware (file:///C:/Users/user/Desktop/chulsoo-ya/Chulsoo-ya/client/node_modules/vite/dist/node/chunks/node.js:25142:20)
[2mPM 11:10:42[22m [31m[1m[vite][22m[39m [31mInternal server error: Transform failed with 1 error:

[31m[PARSE_ERROR] [0mUnexpected token
    [38;5;246m╭[0m[38;5;246m─[0m[38;5;246m[[0m src/components/shop/ShopHeader.tsx:10:29 [38;5;246m][0m
    [38;5;246m│[0m
 [38;5;246m10 │[0m [38;5;249m [0m[38;5;249m [0m[38;5;249m{[0m[38;5;249m [0m[38;5;249ml[0m[38;5;249ma[0m[38;5;249mb[0m[38;5;249me[0m[38;5;249ml[0m[38;5;249m:[0m[38;5;249m [0m[38;5;249m'[0m[38;5;249m鍮[0m[38;5;249m좊[0m[38;5;249mⅨ[0m[38;5;249m [0m[38;5;249m?[0m[38;5;249m[0m[38;5;249m?[0m[38;5;249m?[0m[38;5;249m,[0m[38;5;249m [0m[38;5;249mt[0m[38;5;249mo[0m[38;5;249m:[0m[38;5;249m [0m[38;5;249m'[0m[38;5;249m/[0m?[38;5;249ms[0m[38;5;249me[0m[38;5;249mc[0m[38;5;249mt[0m[38;5;249mi[0m[38;5;249mo[0m[38;5;249mn[0m[38;5;249m=[0m[38;5;249mq[0m[38;5;249mu[0m[38;5;249mi[0m[38;5;249mc[0m[38;5;249mk[0m[38;5;249m-[0m[38;5;249mh[0m[38;5;249me[0m[38;5;249mr[0m[38;5;249mo[0m[38;5;249m'[0m[38;5;249m,[0m[38;5;249m [0m[38;5;249mt[0m[38;5;249mo[0m[38;5;249mn[0m[38;5;249me[0m[38;5;249m:[0m[38;5;249m [0m[38;5;249m'[0m[38;5;249mt[0m[38;5;249me[0m[38;5;249mx[0m[38;5;249mt[0m[38;5;249m-[0m[38;5;249mb[0m[38;5;249ml[0m[38;5;249mu[0m[38;5;249me[0m[38;5;249m-[0m[38;5;249m6[0m[38;5;249m0[0m[38;5;249m0[0m[38;5;249m'[0m[38;5;249m [0m[38;5;249m}[0m[38;5;249m,[0m
 [38;5;240m   │[0m                               ┬  
 [38;5;240m   │[0m                               ╰── 
[38;5;246m────╯[0m
[39m
  Plugin: [35mvite:oxc[39m
  File: [36mC:/Users/user/Desktop/chulsoo-ya/Chulsoo-ya/client/src/components/shop/ShopHeader.tsx[39m
      at transformWithOxc (file:///C:/Users/user/Desktop/chulsoo-ya/Chulsoo-ya/client/node_modules/vite/dist/node/chunks/node.js:4097:19)
      at TransformPluginContext.transform (file:///C:/Users/user/Desktop/chulsoo-ya/Chulsoo-ya/client/node_modules/vite/dist/node/chunks/node.js:4168:26)
      at EnvironmentPluginContainer.transform (file:///C:/Users/user/Desktop/chulsoo-ya/Chulsoo-ya/client/node_modules/vite/dist/node/chunks/node.js:30851:51)
      at async loadAndTransform (file:///C:/Users/user/Desktop/chulsoo-ya/Chulsoo-ya/client/node_modules/vite/dist/node/chunks/node.js:20619:26)
      at async viteTransformMiddleware (file:///C:/Users/user/Desktop/chulsoo-ya/Chulsoo-ya/client/node_modules/vite/dist/node/chunks/node.js:25142:20)
[2mPM 11:10:55[22m [31m[1m[vite][22m[39m [31mInternal server error: Transform failed with 1 error:

[31m[PARSE_ERROR] [0mUnexpected token
    [38;5;246m╭[0m[38;5;246m─[0m[38;5;246m[[0m src/components/shop/ShopHeader.tsx:10:29 [38;5;246m][0m
    [38;5;246m│[0m
 [38;5;246m10 │[0m [38;5;249m [0m[38;5;249m [0m[38;5;249m{[0m[38;5;249m [0m[38;5;249ml[0m[38;5;249ma[0m[38;5;249mb[0m[38;5;249me[0m[38;5;249ml[0m[38;5;249m:[0m[38;5;249m [0m[38;5;249m'[0m[38;5;249m鍮[0m[38;5;249m좊[0m[38;5;249mⅨ[0m[38;5;249m [0m[38;5;249m?[0m[38;5;249m[0m[38;5;249m?[0m[38;5;249m?[0m[38;5;249m,[0m[38;5;249m [0m[38;5;249mt[0m[38;5;249mo[0m[38;5;249m:[0m[38;5;249m [0m[38;5;249m'[0m[38;5;249m/[0m?[38;5;249ms[0m[38;5;249me[0m[38;5;249mc[0m[38;5;249mt[0m[38;5;249mi[0m[38;5;249mo[0m[38;5;249mn[0m[38;5;249m=[0m[38;5;249mq[0m[38;5;249mu[0m[38;5;249mi[0m[38;5;249mc[0m[38;5;249mk[0m[38;5;249m-[0m[38;5;249mh[0m[38;5;249me[0m[38;5;249mr[0m[38;5;249mo[0m[38;5;249m'[0m[38;5;249m,[0m[38;5;249m [0m[38;5;249mt[0m[38;5;249mo[0m[38;5;249mn[0m[38;5;249me[0m[38;5;249m:[0m[38;5;249m [0m[38;5;249m'[0m[38;5;249mt[0m[38;5;249me[0m[38;5;249mx[0m[38;5;249mt[0m[38;5;249m-[0m[38;5;249mb[0m[38;5;249ml[0m[38;5;249mu[0m[38;5;249me[0m[38;5;249m-[0m[38;5;249m6[0m[38;5;249m0[0m[38;5;249m0[0m[38;5;249m'[0m[38;5;249m [0m[38;5;249m}[0m[38;5;249m,[0m
 [38;5;240m   │[0m                               ┬  
 [38;5;240m   │[0m                               ╰── 
[38;5;246m────╯[0m
[39m
  Plugin: [35mvite:oxc[39m
  File: [36mC:/Users/user/Desktop/chulsoo-ya/Chulsoo-ya/client/src/components/shop/ShopHeader.tsx[39m
      at transformWithOxc (file:///C:/Users/user/Desktop/chulsoo-ya/Chulsoo-ya/client/node_modules/vite/dist/node/chunks/node.js:4097:19)
      at TransformPluginContext.transform (file:///C:/Users/user/Desktop/chulsoo-ya/Chulsoo-ya/client/node_modules/vite/dist/node/chunks/node.js:4168:26)
      at EnvironmentPluginContainer.transform (file:///C:/Users/user/Desktop/chulsoo-ya/Chulsoo-ya/client/node_modules/vite/dist/node/chunks/node.js:30851:51)
      at async loadAndTransform (file:///C:/Users/user/Desktop/chulsoo-ya/Chulsoo-ya/client/node_modules/vite/dist/node/chunks/node.js:20619:26)
      at async viteTransformMiddleware (file:///C:/Users/user/Desktop/chulsoo-ya/Chulsoo-ya/client/node_modules/vite/dist/node/chunks/node.js:25142:20)
[2mPM 11:10:57[22m [31m[1m[vite][22m[39m [31mInternal server error: Transform failed with 1 error:

[31m[PARSE_ERROR] [0mUnexpected token
    [38;5;246m╭[0m[38;5;246m─[0m[38;5;246m[[0m src/components/shop/ShopHeader.tsx:10:29 [38;5;246m][0m
    [38;5;246m│[0m
 [38;5;246m10 │[0m [38;5;249m [0m[38;5;249m [0m[38;5;249m{[0m[38;5;249m [0m[38;5;249ml[0m[38;5;249ma[0m[38;5;249mb[0m[38;5;249me[0m[38;5;249ml[0m[38;5;249m:[0m[38;5;249m [0m[38;5;249m'[0m[38;5;249m鍮[0m[38;5;249m좊[0m[38;5;249mⅨ[0m[38;5;249m [0m[38;5;249m?[0m[38;5;249m[0m[38;5;249m?[0m[38;5;249m?[0m[38;5;249m,[0m[38;5;249m [0m[38;5;249mt[0m[38;5;249mo[0m[38;5;249m:[0m[38;5;249m [0m[38;5;249m'[0m[38;5;249m/[0m?[38;5;249ms[0m[38;5;249me[0m[38;5;249mc[0m[38;5;249mt[0m[38;5;249mi[0m[38;5;249mo[0m[38;5;249mn[0m[38;5;249m=[0m[38;5;249mq[0m[38;5;249mu[0m[38;5;249mi[0m[38;5;249mc[0m[38;5;249mk[0m[38;5;249m-[0m[38;5;249mh[0m[38;5;249me[0m[38;5;249mr[0m[38;5;249mo[0m[38;5;249m'[0m[38;5;249m,[0m[38;5;249m [0m[38;5;249mt[0m[38;5;249mo[0m[38;5;249mn[0m[38;5;249me[0m[38;5;249m:[0m[38;5;249m [0m[38;5;249m'[0m[38;5;249mt[0m[38;5;249me[0m[38;5;249mx[0m[38;5;249mt[0m[38;5;249m-[0m[38;5;249mb[0m[38;5;249ml[0m[38;5;249mu[0m[38;5;249me[0m[38;5;249m-[0m[38;5;249m6[0m[38;5;249m0[0m[38;5;249m0[0m[38;5;249m'[0m[38;5;249m [0m[38;5;249m}[0m[38;5;249m,[0m
 [38;5;240m   │[0m                               ┬  
 [38;5;240m   │[0m                               ╰── 
[38;5;246m────╯[0m
[39m
  Plugin: [35mvite:oxc[39m
  File: [36mC:/Users/user/Desktop/chulsoo-ya/Chulsoo-ya/client/src/components/shop/ShopHeader.tsx[39m
      at transformWithOxc (file:///C:/Users/user/Desktop/chulsoo-ya/Chulsoo-ya/client/node_modules/vite/dist/node/chunks/node.js:4097:19)
      at TransformPluginContext.transform (file:///C:/Users/user/Desktop/chulsoo-ya/Chulsoo-ya/client/node_modules/vite/dist/node/chunks/node.js:4168:26)
      at EnvironmentPluginContainer.transform (file:///C:/Users/user/Desktop/chulsoo-ya/Chulsoo-ya/client/node_modules/vite/dist/node/chunks/node.js:30851:51)
      at async loadAndTransform (file:///C:/Users/user/Desktop/chulsoo-ya/Chulsoo-ya/client/node_modules/vite/dist/node/chunks/node.js:20619:26)
      at async viteTransformMiddleware (file:///C:/Users/user/Desktop/chulsoo-ya/Chulsoo-ya/client/node_modules/vite/dist/node/chunks/node.js:25142:20)
[2mPM 11:11:10[22m [31m[1m[vite][22m[39m [31mInternal server error: Transform failed with 1 error:

[31m[PARSE_ERROR] [0mUnexpected token
    [38;5;246m╭[0m[38;5;246m─[0m[38;5;246m[[0m src/components/shop/ShopHeader.tsx:10:29 [38;5;246m][0m
    [38;5;246m│[0m
 [38;5;246m10 │[0m [38;5;249m [0m[38;5;249m [0m[38;5;249m{[0m[38;5;249m [0m[38;5;249ml[0m[38;5;249ma[0m[38;5;249mb[0m[38;5;249me[0m[38;5;249ml[0m[38;5;249m:[0m[38;5;249m [0m[38;5;249m'[0m[38;5;249m鍮[0m[38;5;249m좊[0m[38;5;249mⅨ[0m[38;5;249m [0m[38;5;249m?[0m[38;5;249m[0m[38;5;249m?[0m[38;5;249m?[0m[38;5;249m,[0m[38;5;249m [0m[38;5;249mt[0m[38;5;249mo[0m[38;5;249m:[0m[38;5;249m [0m[38;5;249m'[0m[38;5;249m/[0m?[38;5;249ms[0m[38;5;249me[0m[38;5;249mc[0m[38;5;249mt[0m[38;5;249mi[0m[38;5;249mo[0m[38;5;249mn[0m[38;5;249m=[0m[38;5;249mq[0m[38;5;249mu[0m[38;5;249mi[0m[38;5;249mc[0m[38;5;249mk[0m[38;5;249m-[0m[38;5;249mh[0m[38;5;249me[0m[38;5;249mr[0m[38;5;249mo[0m[38;5;249m'[0m[38;5;249m,[0m[38;5;249m [0m[38;5;249mt[0m[38;5;249mo[0m[38;5;249mn[0m[38;5;249me[0m[38;5;249m:[0m[38;5;249m [0m[38;5;249m'[0m[38;5;249mt[0m[38;5;249me[0m[38;5;249mx[0m[38;5;249mt[0m[38;5;249m-[0m[38;5;249mb[0m[38;5;249ml[0m[38;5;249mu[0m[38;5;249me[0m[38;5;249m-[0m[38;5;249m6[0m[38;5;249m0[0m[38;5;249m0[0m[38;5;249m'[0m[38;5;249m [0m[38;5;249m}[0m[38;5;249m,[0m
 [38;5;240m   │[0m                               ┬  
 [38;5;240m   │[0m                               ╰── 
[38;5;246m────╯[0m
[39m
  Plugin: [35mvite:oxc[39m
  File: [36mC:/Users/user/Desktop/chulsoo-ya/Chulsoo-ya/client/src/components/shop/ShopHeader.tsx[39m
      at transformWithOxc (file:///C:/Users/user/Desktop/chulsoo-ya/Chulsoo-ya/client/node_modules/vite/dist/node/chunks/node.js:4097:19)
      at TransformPluginContext.transform (file:///C:/Users/user/Desktop/chulsoo-ya/Chulsoo-ya/client/node_modules/vite/dist/node/chunks/node.js:4168:26)
      at EnvironmentPluginContainer.transform (file:///C:/Users/user/Desktop/chulsoo-ya/Chulsoo-ya/client/node_modules/vite/dist/node/chunks/node.js:30851:51)
      at async loadAndTransform (file:///C:/Users/user/Desktop/chulsoo-ya/Chulsoo-ya/client/node_modules/vite/dist/node/chunks/node.js:20619:26)
      at async viteTransformMiddleware (file:///C:/Users/user/Desktop/chulsoo-ya/Chulsoo-ya/client/node_modules/vite/dist/node/chunks/node.js:25142:20)
[2mPM 11:11:12[22m [31m[1m[vite][22m[39m [31mInternal server error: Transform failed with 1 error:

[31m[PARSE_ERROR] [0mUnexpected token
    [38;5;246m╭[0m[38;5;246m─[0m[38;5;246m[[0m src/components/shop/ShopHeader.tsx:10:29 [38;5;246m][0m
    [38;5;246m│[0m
 [38;5;246m10 │[0m [38;5;249m [0m[38;5;249m [0m[38;5;249m{[0m[38;5;249m [0m[38;5;249ml[0m[38;5;249ma[0m[38;5;249mb[0m[38;5;249me[0m[38;5;249ml[0m[38;5;249m:[0m[38;5;249m [0m[38;5;249m'[0m[38;5;249m鍮[0m[38;5;249m좊[0m[38;5;249mⅨ[0m[38;5;249m [0m[38;5;249m?[0m[38;5;249m[0m[38;5;249m?[0m[38;5;249m?[0m[38;5;249m,[0m[38;5;249m [0m[38;5;249mt[0m[38;5;249mo[0m[38;5;249m:[0m[38;5;249m [0m[38;5;249m'[0m[38;5;249m/[0m?[38;5;249ms[0m[38;5;249me[0m[38;5;249mc[0m[38;5;249mt[0m[38;5;249mi[0m[38;5;249mo[0m[38;5;249mn[0m[38;5;249m=[0m[38;5;249mq[0m[38;5;249mu[0m[38;5;249mi[0m[38;5;249mc[0m[38;5;249mk[0m[38;5;249m-[0m[38;5;249mh[0m[38;5;249me[0m[38;5;249mr[0m[38;5;249mo[0m[38;5;249m'[0m[38;5;249m,[0m[38;5;249m [0m[38;5;249mt[0m[38;5;249mo[0m[38;5;249mn[0m[38;5;249me[0m[38;5;249m:[0m[38;5;249m [0m[38;5;249m'[0m[38;5;249mt[0m[38;5;249me[0m[38;5;249mx[0m[38;5;249mt[0m[38;5;249m-[0m[38;5;249mb[0m[38;5;249ml[0m[38;5;249mu[0m[38;5;249me[0m[38;5;249m-[0m[38;5;249m6[0m[38;5;249m0[0m[38;5;249m0[0m[38;5;249m'[0m[38;5;249m [0m[38;5;249m}[0m[38;5;249m,[0m
 [38;5;240m   │[0m                               ┬  
 [38;5;240m   │[0m                               ╰── 
[38;5;246m────╯[0m
[39m
  Plugin: [35mvite:oxc[39m
  File: [36mC:/Users/user/Desktop/chulsoo-ya/Chulsoo-ya/client/src/components/shop/ShopHeader.tsx[39m
      at transformWithOxc (file:///C:/Users/user/Desktop/chulsoo-ya/Chulsoo-ya/client/node_modules/vite/dist/node/chunks/node.js:4097:19)
      at TransformPluginContext.transform (file:///C:/Users/user/Desktop/chulsoo-ya/Chulsoo-ya/client/node_modules/vite/dist/node/chunks/node.js:4168:26)
      at EnvironmentPluginContainer.transform (file:///C:/Users/user/Desktop/chulsoo-ya/Chulsoo-ya/client/node_modules/vite/dist/node/chunks/node.js:30851:51)
      at async loadAndTransform (file:///C:/Users/user/Desktop/chulsoo-ya/Chulsoo-ya/client/node_modules/vite/dist/node/chunks/node.js:20619:26)
      at async viteTransformMiddleware (file:///C:/Users/user/Desktop/chulsoo-ya/Chulsoo-ya/client/node_modules/vite/dist/node/chunks/node.js:25142:20)
[2mPM 11:11:25[22m [31m[1m[vite][22m[39m [31mInternal server error: Transform failed with 1 error:

[31m[PARSE_ERROR] [0mUnexpected token
    [38;5;246m╭[0m[38;5;246m─[0m[38;5;246m[[0m src/components/shop/ShopHeader.tsx:10:29 [38;5;246m][0m
    [38;5;246m│[0m
 [38;5;246m10 │[0m [38;5;249m [0m[38;5;249m [0m[38;5;249m{[0m[38;5;249m [0m[38;5;249ml[0m[38;5;249ma[0m[38;5;249mb[0m[38;5;249me[0m[38;5;249ml[0m[38;5;249m:[0m[38;5;249m [0m[38;5;249m'[0m[38;5;249m鍮[0m[38;5;249m좊[0m[38;5;249mⅨ[0m[38;5;249m [0m[38;5;249m?[0m[38;5;249m[0m[38;5;249m?[0m[38;5;249m?[0m[38;5;249m,[0m[38;5;249m [0m[38;5;249mt[0m[38;5;249mo[0m[38;5;249m:[0m[38;5;249m [0m[38;5;249m'[0m[38;5;249m/[0m?[38;5;249ms[0m[38;5;249me[0m[38;5;249mc[0m[38;5;249mt[0m[38;5;249mi[0m[38;5;249mo[0m[38;5;249mn[0m[38;5;249m=[0m[38;5;249mq[0m[38;5;249mu[0m[38;5;249mi[0m[38;5;249mc[0m[38;5;249mk[0m[38;5;249m-[0m[38;5;249mh[0m[38;5;249me[0m[38;5;249mr[0m[38;5;249mo[0m[38;5;249m'[0m[38;5;249m,[0m[38;5;249m [0m[38;5;249mt[0m[38;5;249mo[0m[38;5;249mn[0m[38;5;249me[0m[38;5;249m:[0m[38;5;249m [0m[38;5;249m'[0m[38;5;249mt[0m[38;5;249me[0m[38;5;249mx[0m[38;5;249mt[0m[38;5;249m-[0m[38;5;249mb[0m[38;5;249ml[0m[38;5;249mu[0m[38;5;249me[0m[38;5;249m-[0m[38;5;249m6[0m[38;5;249m0[0m[38;5;249m0[0m[38;5;249m'[0m[38;5;249m [0m[38;5;249m}[0m[38;5;249m,[0m
 [38;5;240m   │[0m                               ┬  
 [38;5;240m   │[0m                               ╰── 
[38;5;246m────╯[0m
[39m
  Plugin: [35mvite:oxc[39m
  File: [36mC:/Users/user/Desktop/chulsoo-ya/Chulsoo-ya/client/src/components/shop/ShopHeader.tsx[39m
      at transformWithOxc (file:///C:/Users/user/Desktop/chulsoo-ya/Chulsoo-ya/client/node_modules/vite/dist/node/chunks/node.js:4097:19)
      at TransformPluginContext.transform (file:///C:/Users/user/Desktop/chulsoo-ya/Chulsoo-ya/client/node_modules/vite/dist/node/chunks/node.js:4168:26)
      at EnvironmentPluginContainer.transform (file:///C:/Users/user/Desktop/chulsoo-ya/Chulsoo-ya/client/node_modules/vite/dist/node/chunks/node.js:30851:51)
      at async loadAndTransform (file:///C:/Users/user/Desktop/chulsoo-ya/Chulsoo-ya/client/node_modules/vite/dist/node/chunks/node.js:20619:26)
      at async viteTransformMiddleware (file:///C:/Users/user/Desktop/chulsoo-ya/Chulsoo-ya/client/node_modules/vite/dist/node/chunks/node.js:25142:20)
[2mPM 11:11:27[22m [31m[1m[vite][22m[39m [31mInternal server error: Transform failed with 1 error:

[31m[PARSE_ERROR] [0mUnexpected token
    [38;5;246m╭[0m[38;5;246m─[0m[38;5;246m[[0m src/components/shop/ShopHeader.tsx:10:29 [38;5;246m][0m
    [38;5;246m│[0m
 [38;5;246m10 │[0m [38;5;249m [0m[38;5;249m [0m[38;5;249m{[0m[38;5;249m [0m[38;5;249ml[0m[38;5;249ma[0m[38;5;249mb[0m[38;5;249me[0m[38;5;249ml[0m[38;5;249m:[0m[38;5;249m [0m[38;5;249m'[0m[38;5;249m鍮[0m[38;5;249m좊[0m[38;5;249mⅨ[0m[38;5;249m [0m[38;5;249m?[0m[38;5;249m[0m[38;5;249m?[0m[38;5;249m?[0m[38;5;249m,[0m[38;5;249m [0m[38;5;249mt[0m[38;5;249mo[0m[38;5;249m:[0m[38;5;249m [0m[38;5;249m'[0m[38;5;249m/[0m?[38;5;249ms[0m[38;5;249me[0m[38;5;249mc[0m[38;5;249mt[0m[38;5;249mi[0m[38;5;249mo[0m[38;5;249mn[0m[38;5;249m=[0m[38;5;249mq[0m[38;5;249mu[0m[38;5;249mi[0m[38;5;249mc[0m[38;5;249mk[0m[38;5;249m-[0m[38;5;249mh[0m[38;5;249me[0m[38;5;249mr[0m[38;5;249mo[0m[38;5;249m'[0m[38;5;249m,[0m[38;5;249m [0m[38;5;249mt[0m[38;5;249mo[0m[38;5;249mn[0m[38;5;249me[0m[38;5;249m:[0m[38;5;249m [0m[38;5;249m'[0m[38;5;249mt[0m[38;5;249me[0m[38;5;249mx[0m[38;5;249mt[0m[38;5;249m-[0m[38;5;249mb[0m[38;5;249ml[0m[38;5;249mu[0m[38;5;249me[0m[38;5;249m-[0m[38;5;249m6[0m[38;5;249m0[0m[38;5;249m0[0m[38;5;249m'[0m[38;5;249m [0m[38;5;249m}[0m[38;5;249m,[0m
 [38;5;240m   │[0m                               ┬  
 [38;5;240m   │[0m                               ╰── 
[38;5;246m────╯[0m
[39m
  Plugin: [35mvite:oxc[39m
  File: [36mC:/Users/user/Desktop/chulsoo-ya/Chulsoo-ya/client/src/components/shop/ShopHeader.tsx[39m
      at transformWithOxc (file:///C:/Users/user/Desktop/chulsoo-ya/Chulsoo-ya/client/node_modules/vite/dist/node/chunks/node.js:4097:19)
      at TransformPluginContext.transform (file:///C:/Users/user/Desktop/chulsoo-ya/Chulsoo-ya/client/node_modules/vite/dist/node/chunks/node.js:4168:26)
      at EnvironmentPluginContainer.transform (file:///C:/Users/user/Desktop/chulsoo-ya/Chulsoo-ya/client/node_modules/vite/dist/node/chunks/node.js:30851:51)
      at async loadAndTransform (file:///C:/Users/user/Desktop/chulsoo-ya/Chulsoo-ya/client/node_modules/vite/dist/node/chunks/node.js:20619:26)
      at async viteTransformMiddleware (file:///C:/Users/user/Desktop/chulsoo-ya/Chulsoo-ya/client/node_modules/vite/dist/node/chunks/node.js:25142:20)
[2mPM 11:11:40[22m [31m[1m[vite][22m[39m [31mInternal server error: Transform failed with 1 error:

[31m[PARSE_ERROR] [0mUnexpected token
    [38;5;246m╭[0m[38;5;246m─[0m[38;5;246m[[0m src/components/shop/ShopHeader.tsx:10:29 [38;5;246m][0m
    [38;5;246m│[0m
 [38;5;246m10 │[0m [38;5;249m [0m[38;5;249m [0m[38;5;249m{[0m[38;5;249m [0m[38;5;249ml[0m[38;5;249ma[0m[38;5;249mb[0m[38;5;249me[0m[38;5;249ml[0m[38;5;249m:[0m[38;5;249m [0m[38;5;249m'[0m[38;5;249m鍮[0m[38;5;249m좊[0m[38;5;249mⅨ[0m[38;5;249m [0m[38;5;249m?[0m[38;5;249m[0m[38;5;249m?[0m[38;5;249m?[0m[38;5;249m,[0m[38;5;249m [0m[38;5;249mt[0m[38;5;249mo[0m[38;5;249m:[0m[38;5;249m [0m[38;5;249m'[0m[38;5;249m/[0m?[38;5;249ms[0m[38;5;249me[0m[38;5;249mc[0m[38;5;249mt[0m[38;5;249mi[0m[38;5;249mo[0m[38;5;249mn[0m[38;5;249m=[0m[38;5;249mq[0m[38;5;249mu[0m[38;5;249mi[0m[38;5;249mc[0m[38;5;249mk[0m[38;5;249m-[0m[38;5;249mh[0m[38;5;249me[0m[38;5;249mr[0m[38;5;249mo[0m[38;5;249m'[0m[38;5;249m,[0m[38;5;249m [0m[38;5;249mt[0m[38;5;249mo[0m[38;5;249mn[0m[38;5;249me[0m[38;5;249m:[0m[38;5;249m [0m[38;5;249m'[0m[38;5;249mt[0m[38;5;249me[0m[38;5;249mx[0m[38;5;249mt[0m[38;5;249m-[0m[38;5;249mb[0m[38;5;249ml[0m[38;5;249mu[0m[38;5;249me[0m[38;5;249m-[0m[38;5;249m6[0m[38;5;249m0[0m[38;5;249m0[0m[38;5;249m'[0m[38;5;249m [0m[38;5;249m}[0m[38;5;249m,[0m
 [38;5;240m   │[0m                               ┬  
 [38;5;240m   │[0m                               ╰── 
[38;5;246m────╯[0m
[39m
  Plugin: [35mvite:oxc[39m
  File: [36mC:/Users/user/Desktop/chulsoo-ya/Chulsoo-ya/client/src/components/shop/ShopHeader.tsx[39m
      at transformWithOxc (file:///C:/Users/user/Desktop/chulsoo-ya/Chulsoo-ya/client/node_modules/vite/dist/node/chunks/node.js:4097:19)
      at TransformPluginContext.transform (file:///C:/Users/user/Desktop/chulsoo-ya/Chulsoo-ya/client/node_modules/vite/dist/node/chunks/node.js:4168:26)
      at EnvironmentPluginContainer.transform (file:///C:/Users/user/Desktop/chulsoo-ya/Chulsoo-ya/client/node_modules/vite/dist/node/chunks/node.js:30851:51)
      at async loadAndTransform (file:///C:/Users/user/Desktop/chulsoo-ya/Chulsoo-ya/client/node_modules/vite/dist/node/chunks/node.js:20619:26)
      at async viteTransformMiddleware (file:///C:/Users/user/Desktop/chulsoo-ya/Chulsoo-ya/client/node_modules/vite/dist/node/chunks/node.js:25142:20)
[2mPM 11:11:42[22m [31m[1m[vite][22m[39m [31mInternal server error: Transform failed with 1 error:

[31m[PARSE_ERROR] [0mUnexpected token
    [38;5;246m╭[0m[38;5;246m─[0m[38;5;246m[[0m src/components/shop/ShopHeader.tsx:10:29 [38;5;246m][0m
    [38;5;246m│[0m
 [38;5;246m10 │[0m [38;5;249m [0m[38;5;249m [0m[38;5;249m{[0m[38;5;249m [0m[38;5;249ml[0m[38;5;249ma[0m[38;5;249mb[0m[38;5;249me[0m[38;5;249ml[0m[38;5;249m:[0m[38;5;249m [0m[38;5;249m'[0m[38;5;249m鍮[0m[38;5;249m좊[0m[38;5;249mⅨ[0m[38;5;249m [0m[38;5;249m?[0m[38;5;249m[0m[38;5;249m?[0m[38;5;249m?[0m[38;5;249m,[0m[38;5;249m [0m[38;5;249mt[0m[38;5;249mo[0m[38;5;249m:[0m[38;5;249m [0m[38;5;249m'[0m[38;5;249m/[0m?[38;5;249ms[0m[38;5;249me[0m[38;5;249mc[0m[38;5;249mt[0m[38;5;249mi[0m[38;5;249mo[0m[38;5;249mn[0m[38;5;249m=[0m[38;5;249mq[0m[38;5;249mu[0m[38;5;249mi[0m[38;5;249mc[0m[38;5;249mk[0m[38;5;249m-[0m[38;5;249mh[0m[38;5;249me[0m[38;5;249mr[0m[38;5;249mo[0m[38;5;249m'[0m[38;5;249m,[0m[38;5;249m [0m[38;5;249mt[0m[38;5;249mo[0m[38;5;249mn[0m[38;5;249me[0m[38;5;249m:[0m[38;5;249m [0m[38;5;249m'[0m[38;5;249mt[0m[38;5;249me[0m[38;5;249mx[0m[38;5;249mt[0m[38;5;249m-[0m[38;5;249mb[0m[38;5;249ml[0m[38;5;249mu[0m[38;5;249me[0m[38;5;249m-[0m[38;5;249m6[0m[38;5;249m0[0m[38;5;249m0[0m[38;5;249m'[0m[38;5;249m [0m[38;5;249m}[0m[38;5;249m,[0m
 [38;5;240m   │[0m                               ┬  
 [38;5;240m   │[0m                               ╰── 
[38;5;246m────╯[0m
[39m
  Plugin: [35mvite:oxc[39m
  File: [36mC:/Users/user/Desktop/chulsoo-ya/Chulsoo-ya/client/src/components/shop/ShopHeader.tsx[39m
      at transformWithOxc (file:///C:/Users/user/Desktop/chulsoo-ya/Chulsoo-ya/client/node_modules/vite/dist/node/chunks/node.js:4097:19)
      at TransformPluginContext.transform (file:///C:/Users/user/Desktop/chulsoo-ya/Chulsoo-ya/client/node_modules/vite/dist/node/chunks/node.js:4168:26)
      at EnvironmentPluginContainer.transform (file:///C:/Users/user/Desktop/chulsoo-ya/Chulsoo-ya/client/node_modules/vite/dist/node/chunks/node.js:30851:51)
      at async loadAndTransform (file:///C:/Users/user/Desktop/chulsoo-ya/Chulsoo-ya/client/node_modules/vite/dist/node/chunks/node.js:20619:26)
      at async viteTransformMiddleware (file:///C:/Users/user/Desktop/chulsoo-ya/Chulsoo-ya/client/node_modules/vite/dist/node/chunks/node.js:25142:20)
[2mPM 11:11:55[22m [31m[1m[vite][22m[39m [31mInternal server error: Transform failed with 1 error:

[31m[PARSE_ERROR] [0mUnexpected token
    [38;5;246m╭[0m[38;5;246m─[0m[38;5;246m[[0m src/components/shop/ShopHeader.tsx:10:29 [38;5;246m][0m
    [38;5;246m│[0m
 [38;5;246m10 │[0m [38;5;249m [0m[38;5;249m [0m[38;5;249m{[0m[38;5;249m [0m[38;5;249ml[0m[38;5;249ma[0m[38;5;249mb[0m[38;5;249me[0m[38;5;249ml[0m[38;5;249m:[0m[38;5;249m [0m[38;5;249m'[0m[38;5;249m鍮[0m[38;5;249m좊[0m[38;5;249mⅨ[0m[38;5;249m [0m[38;5;249m?[0m[38;5;249m[0m[38;5;249m?[0m[38;5;249m?[0m[38;5;249m,[0m[38;5;249m [0m[38;5;249mt[0m[38;5;249mo[0m[38;5;249m:[0m[38;5;249m [0m[38;5;249m'[0m[38;5;249m/[0m?[38;5;249ms[0m[38;5;249me[0m[38;5;249mc[0m[38;5;249mt[0m[38;5;249mi[0m[38;5;249mo[0m[38;5;249mn[0m[38;5;249m=[0m[38;5;249mq[0m[38;5;249mu[0m[38;5;249mi[0m[38;5;249mc[0m[38;5;249mk[0m[38;5;249m-[0m[38;5;249mh[0m[38;5;249me[0m[38;5;249mr[0m[38;5;249mo[0m[38;5;249m'[0m[38;5;249m,[0m[38;5;249m [0m[38;5;249mt[0m[38;5;249mo[0m[38;5;249mn[0m[38;5;249me[0m[38;5;249m:[0m[38;5;249m [0m[38;5;249m'[0m[38;5;249mt[0m[38;5;249me[0m[38;5;249mx[0m[38;5;249mt[0m[38;5;249m-[0m[38;5;249mb[0m[38;5;249ml[0m[38;5;249mu[0m[38;5;249me[0m[38;5;249m-[0m[38;5;249m6[0m[38;5;249m0[0m[38;5;249m0[0m[38;5;249m'[0m[38;5;249m [0m[38;5;249m}[0m[38;5;249m,[0m
 [38;5;240m   │[0m                               ┬  
 [38;5;240m   │[0m                               ╰── 
[38;5;246m────╯[0m
[39m
  Plugin: [35mvite:oxc[39m
  File: [36mC:/Users/user/Desktop/chulsoo-ya/Chulsoo-ya/client/src/components/shop/ShopHeader.tsx[39m
      at transformWithOxc (file:///C:/Users/user/Desktop/chulsoo-ya/Chulsoo-ya/client/node_modules/vite/dist/node/chunks/node.js:4097:19)
      at TransformPluginContext.transform (file:///C:/Users/user/Desktop/chulsoo-ya/Chulsoo-ya/client/node_modules/vite/dist/node/chunks/node.js:4168:26)
      at EnvironmentPluginContainer.transform (file:///C:/Users/user/Desktop/chulsoo-ya/Chulsoo-ya/client/node_modules/vite/dist/node/chunks/node.js:30851:51)
      at async loadAndTransform (file:///C:/Users/user/Desktop/chulsoo-ya/Chulsoo-ya/client/node_modules/vite/dist/node/chunks/node.js:20619:26)
      at async viteTransformMiddleware (file:///C:/Users/user/Desktop/chulsoo-ya/Chulsoo-ya/client/node_modules/vite/dist/node/chunks/node.js:25142:20)
[2mPM 11:11:57[22m [31m[1m[vite][22m[39m [31mInternal server error: Transform failed with 1 error:

[31m[PARSE_ERROR] [0mUnexpected token
    [38;5;246m╭[0m[38;5;246m─[0m[38;5;246m[[0m src/components/shop/ShopHeader.tsx:10:29 [38;5;246m][0m
    [38;5;246m│[0m
 [38;5;246m10 │[0m [38;5;249m [0m[38;5;249m [0m[38;5;249m{[0m[38;5;249m [0m[38;5;249ml[0m[38;5;249ma[0m[38;5;249mb[0m[38;5;249me[0m[38;5;249ml[0m[38;5;249m:[0m[38;5;249m [0m[38;5;249m'[0m[38;5;249m鍮[0m[38;5;249m좊[0m[38;5;249mⅨ[0m[38;5;249m [0m[38;5;249m?[0m[38;5;249m[0m[38;5;249m?[0m[38;5;249m?[0m[38;5;249m,[0m[38;5;249m [0m[38;5;249mt[0m[38;5;249mo[0m[38;5;249m:[0m[38;5;249m [0m[38;5;249m'[0m[38;5;249m/[0m?[38;5;249ms[0m[38;5;249me[0m[38;5;249mc[0m[38;5;249mt[0m[38;5;249mi[0m[38;5;249mo[0m[38;5;249mn[0m[38;5;249m=[0m[38;5;249mq[0m[38;5;249mu[0m[38;5;249mi[0m[38;5;249mc[0m[38;5;249mk[0m[38;5;249m-[0m[38;5;249mh[0m[38;5;249me[0m[38;5;249mr[0m[38;5;249mo[0m[38;5;249m'[0m[38;5;249m,[0m[38;5;249m [0m[38;5;249mt[0m[38;5;249mo[0m[38;5;249mn[0m[38;5;249me[0m[38;5;249m:[0m[38;5;249m [0m[38;5;249m'[0m[38;5;249mt[0m[38;5;249me[0m[38;5;249mx[0m[38;5;249mt[0m[38;5;249m-[0m[38;5;249mb[0m[38;5;249ml[0m[38;5;249mu[0m[38;5;249me[0m[38;5;249m-[0m[38;5;249m6[0m[38;5;249m0[0m[38;5;249m0[0m[38;5;249m'[0m[38;5;249m [0m[38;5;249m}[0m[38;5;249m,[0m
 [38;5;240m   │[0m                               ┬  
 [38;5;240m   │[0m                               ╰── 
[38;5;246m────╯[0m
[39m
  Plugin: [35mvite:oxc[39m
  File: [36mC:/Users/user/Desktop/chulsoo-ya/Chulsoo-ya/client/src/components/shop/ShopHeader.tsx[39m
      at transformWithOxc (file:///C:/Users/user/Desktop/chulsoo-ya/Chulsoo-ya/client/node_modules/vite/dist/node/chunks/node.js:4097:19)
      at TransformPluginContext.transform (file:///C:/Users/user/Desktop/chulsoo-ya/Chulsoo-ya/client/node_modules/vite/dist/node/chunks/node.js:4168:26)
      at EnvironmentPluginContainer.transform (file:///C:/Users/user/Desktop/chulsoo-ya/Chulsoo-ya/client/node_modules/vite/dist/node/chunks/node.js:30851:51)
      at async loadAndTransform (file:///C:/Users/user/Desktop/chulsoo-ya/Chulsoo-ya/client/node_modules/vite/dist/node/chunks/node.js:20619:26)
      at async viteTransformMiddleware (file:///C:/Users/user/Desktop/chulsoo-ya/Chulsoo-ya/client/node_modules/vite/dist/node/chunks/node.js:25142:20)
[2mPM 11:12:10[22m [31m[1m[vite][22m[39m [31mInternal server error: Transform failed with 1 error:

[31m[PARSE_ERROR] [0mUnexpected token
    [38;5;246m╭[0m[38;5;246m─[0m[38;5;246m[[0m src/components/shop/ShopHeader.tsx:10:29 [38;5;246m][0m
    [38;5;246m│[0m
 [38;5;246m10 │[0m [38;5;249m [0m[38;5;249m [0m[38;5;249m{[0m[38;5;249m [0m[38;5;249ml[0m[38;5;249ma[0m[38;5;249mb[0m[38;5;249me[0m[38;5;249ml[0m[38;5;249m:[0m[38;5;249m [0m[38;5;249m'[0m[38;5;249m鍮[0m[38;5;249m좊[0m[38;5;249mⅨ[0m[38;5;249m [0m[38;5;249m?[0m[38;5;249m[0m[38;5;249m?[0m[38;5;249m?[0m[38;5;249m,[0m[38;5;249m [0m[38;5;249mt[0m[38;5;249mo[0m[38;5;249m:[0m[38;5;249m [0m[38;5;249m'[0m[38;5;249m/[0m?[38;5;249ms[0m[38;5;249me[0m[38;5;249mc[0m[38;5;249mt[0m[38;5;249mi[0m[38;5;249mo[0m[38;5;249mn[0m[38;5;249m=[0m[38;5;249mq[0m[38;5;249mu[0m[38;5;249mi[0m[38;5;249mc[0m[38;5;249mk[0m[38;5;249m-[0m[38;5;249mh[0m[38;5;249me[0m[38;5;249mr[0m[38;5;249mo[0m[38;5;249m'[0m[38;5;249m,[0m[38;5;249m [0m[38;5;249mt[0m[38;5;249mo[0m[38;5;249mn[0m[38;5;249me[0m[38;5;249m:[0m[38;5;249m [0m[38;5;249m'[0m[38;5;249mt[0m[38;5;249me[0m[38;5;249mx[0m[38;5;249mt[0m[38;5;249m-[0m[38;5;249mb[0m[38;5;249ml[0m[38;5;249mu[0m[38;5;249me[0m[38;5;249m-[0m[38;5;249m6[0m[38;5;249m0[0m[38;5;249m0[0m[38;5;249m'[0m[38;5;249m [0m[38;5;249m}[0m[38;5;249m,[0m
 [38;5;240m   │[0m                               ┬  
 [38;5;240m   │[0m                               ╰── 
[38;5;246m────╯[0m
[39m
  Plugin: [35mvite:oxc[39m
  File: [36mC:/Users/user/Desktop/chulsoo-ya/Chulsoo-ya/client/src/components/shop/ShopHeader.tsx[39m
      at transformWithOxc (file:///C:/Users/user/Desktop/chulsoo-ya/Chulsoo-ya/client/node_modules/vite/dist/node/chunks/node.js:4097:19)
      at TransformPluginContext.transform (file:///C:/Users/user/Desktop/chulsoo-ya/Chulsoo-ya/client/node_modules/vite/dist/node/chunks/node.js:4168:26)
      at EnvironmentPluginContainer.transform (file:///C:/Users/user/Desktop/chulsoo-ya/Chulsoo-ya/client/node_modules/vite/dist/node/chunks/node.js:30851:51)
      at async loadAndTransform (file:///C:/Users/user/Desktop/chulsoo-ya/Chulsoo-ya/client/node_modules/vite/dist/node/chunks/node.js:20619:26)
      at async viteTransformMiddleware (file:///C:/Users/user/Desktop/chulsoo-ya/Chulsoo-ya/client/node_modules/vite/dist/node/chunks/node.js:25142:20)
[2mPM 11:12:12[22m [31m[1m[vite][22m[39m [31mInternal server error: Transform failed with 1 error:

[31m[PARSE_ERROR] [0mUnexpected token
    [38;5;246m╭[0m[38;5;246m─[0m[38;5;246m[[0m src/components/shop/ShopHeader.tsx:10:29 [38;5;246m][0m
    [38;5;246m│[0m
 [38;5;246m10 │[0m [38;5;249m [0m[38;5;249m [0m[38;5;249m{[0m[38;5;249m [0m[38;5;249ml[0m[38;5;249ma[0m[38;5;249mb[0m[38;5;249me[0m[38;5;249ml[0m[38;5;249m:[0m[38;5;249m [0m[38;5;249m'[0m[38;5;249m鍮[0m[38;5;249m좊[0m[38;5;249mⅨ[0m[38;5;249m [0m[38;5;249m?[0m[38;5;249m[0m[38;5;249m?[0m[38;5;249m?[0m[38;5;249m,[0m[38;5;249m [0m[38;5;249mt[0m[38;5;249mo[0m[38;5;249m:[0m[38;5;249m [0m[38;5;249m'[0m[38;5;249m/[0m?[38;5;249ms[0m[38;5;249me[0m[38;5;249mc[0m[38;5;249mt[0m[38;5;249mi[0m[38;5;249mo[0m[38;5;249mn[0m[38;5;249m=[0m[38;5;249mq[0m[38;5;249mu[0m[38;5;249mi[0m[38;5;249mc[0m[38;5;249mk[0m[38;5;249m-[0m[38;5;249mh[0m[38;5;249me[0m[38;5;249mr[0m[38;5;249mo[0m[38;5;249m'[0m[38;5;249m,[0m[38;5;249m [0m[38;5;249mt[0m[38;5;249mo[0m[38;5;249mn[0m[38;5;249me[0m[38;5;249m:[0m[38;5;249m [0m[38;5;249m'[0m[38;5;249mt[0m[38;5;249me[0m[38;5;249mx[0m[38;5;249mt[0m[38;5;249m-[0m[38;5;249mb[0m[38;5;249ml[0m[38;5;249mu[0m[38;5;249me[0m[38;5;249m-[0m[38;5;249m6[0m[38;5;249m0[0m[38;5;249m0[0m[38;5;249m'[0m[38;5;249m [0m[38;5;249m}[0m[38;5;249m,[0m
 [38;5;240m   │[0m                               ┬  
 [38;5;240m   │[0m                               ╰── 
[38;5;246m────╯[0m
[39m
  Plugin: [35mvite:oxc[39m
  File: [36mC:/Users/user/Desktop/chulsoo-ya/Chulsoo-ya/client/src/components/shop/ShopHeader.tsx[39m
      at transformWithOxc (file:///C:/Users/user/Desktop/chulsoo-ya/Chulsoo-ya/client/node_modules/vite/dist/node/chunks/node.js:4097:19)
      at TransformPluginContext.transform (file:///C:/Users/user/Desktop/chulsoo-ya/Chulsoo-ya/client/node_modules/vite/dist/node/chunks/node.js:4168:26)
      at EnvironmentPluginContainer.transform (file:///C:/Users/user/Desktop/chulsoo-ya/Chulsoo-ya/client/node_modules/vite/dist/node/chunks/node.js:30851:51)
      at async loadAndTransform (file:///C:/Users/user/Desktop/chulsoo-ya/Chulsoo-ya/client/node_modules/vite/dist/node/chunks/node.js:20619:26)
      at async viteTransformMiddleware (file:///C:/Users/user/Desktop/chulsoo-ya/Chulsoo-ya/client/node_modules/vite/dist/node/chunks/node.js:25142:20)
[2mPM 11:12:25[22m [31m[1m[vite][22m[39m [31mInternal server error: Transform failed with 1 error:

[31m[PARSE_ERROR] [0mUnexpected token
    [38;5;246m╭[0m[38;5;246m─[0m[38;5;246m[[0m src/components/shop/ShopHeader.tsx:10:29 [38;5;246m][0m
    [38;5;246m│[0m
 [38;5;246m10 │[0m [38;5;249m [0m[38;5;249m [0m[38;5;249m{[0m[38;5;249m [0m[38;5;249ml[0m[38;5;249ma[0m[38;5;249mb[0m[38;5;249me[0m[38;5;249ml[0m[38;5;249m:[0m[38;5;249m [0m[38;5;249m'[0m[38;5;249m鍮[0m[38;5;249m좊[0m[38;5;249mⅨ[0m[38;5;249m [0m[38;5;249m?[0m[38;5;249m[0m[38;5;249m?[0m[38;5;249m?[0m[38;5;249m,[0m[38;5;249m [0m[38;5;249mt[0m[38;5;249mo[0m[38;5;249m:[0m[38;5;249m [0m[38;5;249m'[0m[38;5;249m/[0m?[38;5;249ms[0m[38;5;249me[0m[38;5;249mc[0m[38;5;249mt[0m[38;5;249mi[0m[38;5;249mo[0m[38;5;249mn[0m[38;5;249m=[0m[38;5;249mq[0m[38;5;249mu[0m[38;5;249mi[0m[38;5;249mc[0m[38;5;249mk[0m[38;5;249m-[0m[38;5;249mh[0m[38;5;249me[0m[38;5;249mr[0m[38;5;249mo[0m[38;5;249m'[0m[38;5;249m,[0m[38;5;249m [0m[38;5;249mt[0m[38;5;249mo[0m[38;5;249mn[0m[38;5;249me[0m[38;5;249m:[0m[38;5;249m [0m[38;5;249m'[0m[38;5;249mt[0m[38;5;249me[0m[38;5;249mx[0m[38;5;249mt[0m[38;5;249m-[0m[38;5;249mb[0m[38;5;249ml[0m[38;5;249mu[0m[38;5;249me[0m[38;5;249m-[0m[38;5;249m6[0m[38;5;249m0[0m[38;5;249m0[0m[38;5;249m'[0m[38;5;249m [0m[38;5;249m}[0m[38;5;249m,[0m
 [38;5;240m   │[0m                               ┬  
 [38;5;240m   │[0m                               ╰── 
[38;5;246m────╯[0m
[39m
  Plugin: [35mvite:oxc[39m
  File: [36mC:/Users/user/Desktop/chulsoo-ya/Chulsoo-ya/client/src/components/shop/ShopHeader.tsx[39m
      at transformWithOxc (file:///C:/Users/user/Desktop/chulsoo-ya/Chulsoo-ya/client/node_modules/vite/dist/node/chunks/node.js:4097:19)
      at TransformPluginContext.transform (file:///C:/Users/user/Desktop/chulsoo-ya/Chulsoo-ya/client/node_modules/vite/dist/node/chunks/node.js:4168:26)
      at EnvironmentPluginContainer.transform (file:///C:/Users/user/Desktop/chulsoo-ya/Chulsoo-ya/client/node_modules/vite/dist/node/chunks/node.js:30851:51)
      at async loadAndTransform (file:///C:/Users/user/Desktop/chulsoo-ya/Chulsoo-ya/client/node_modules/vite/dist/node/chunks/node.js:20619:26)
      at async viteTransformMiddleware (file:///C:/Users/user/Desktop/chulsoo-ya/Chulsoo-ya/client/node_modules/vite/dist/node/chunks/node.js:25142:20)
[2mPM 11:12:27[22m [31m[1m[vite][22m[39m [31mInternal server error: Transform failed with 1 error:

[31m[PARSE_ERROR] [0mUnexpected token
    [38;5;246m╭[0m[38;5;246m─[0m[38;5;246m[[0m src/components/shop/ShopHeader.tsx:10:29 [38;5;246m][0m
    [38;5;246m│[0m
 [38;5;246m10 │[0m [38;5;249m [0m[38;5;249m [0m[38;5;249m{[0m[38;5;249m [0m[38;5;249ml[0m[38;5;249ma[0m[38;5;249mb[0m[38;5;249me[0m[38;5;249ml[0m[38;5;249m:[0m[38;5;249m [0m[38;5;249m'[0m[38;5;249m鍮[0m[38;5;249m좊[0m[38;5;249mⅨ[0m[38;5;249m [0m[38;5;249m?[0m[38;5;249m[0m[38;5;249m?[0m[38;5;249m?[0m[38;5;249m,[0m[38;5;249m [0m[38;5;249mt[0m[38;5;249mo[0m[38;5;249m:[0m[38;5;249m [0m[38;5;249m'[0m[38;5;249m/[0m?[38;5;249ms[0m[38;5;249me[0m[38;5;249mc[0m[38;5;249mt[0m[38;5;249mi[0m[38;5;249mo[0m[38;5;249mn[0m[38;5;249m=[0m[38;5;249mq[0m[38;5;249mu[0m[38;5;249mi[0m[38;5;249mc[0m[38;5;249mk[0m[38;5;249m-[0m[38;5;249mh[0m[38;5;249me[0m[38;5;249mr[0m[38;5;249mo[0m[38;5;249m'[0m[38;5;249m,[0m[38;5;249m [0m[38;5;249mt[0m[38;5;249mo[0m[38;5;249mn[0m[38;5;249me[0m[38;5;249m:[0m[38;5;249m [0m[38;5;249m'[0m[38;5;249mt[0m[38;5;249me[0m[38;5;249mx[0m[38;5;249mt[0m[38;5;249m-[0m[38;5;249mb[0m[38;5;249ml[0m[38;5;249mu[0m[38;5;249me[0m[38;5;249m-[0m[38;5;249m6[0m[38;5;249m0[0m[38;5;249m0[0m[38;5;249m'[0m[38;5;249m [0m[38;5;249m}[0m[38;5;249m,[0m
 [38;5;240m   │[0m                               ┬  
 [38;5;240m   │[0m                               ╰── 
[38;5;246m────╯[0m
[39m
  Plugin: [35mvite:oxc[39m
  File: [36mC:/Users/user/Desktop/chulsoo-ya/Chulsoo-ya/client/src/components/shop/ShopHeader.tsx[39m
      at transformWithOxc (file:///C:/Users/user/Desktop/chulsoo-ya/Chulsoo-ya/client/node_modules/vite/dist/node/chunks/node.js:4097:19)
      at TransformPluginContext.transform (file:///C:/Users/user/Desktop/chulsoo-ya/Chulsoo-ya/client/node_modules/vite/dist/node/chunks/node.js:4168:26)
      at EnvironmentPluginContainer.transform (file:///C:/Users/user/Desktop/chulsoo-ya/Chulsoo-ya/client/node_modules/vite/dist/node/chunks/node.js:30851:51)
      at async loadAndTransform (file:///C:/Users/user/Desktop/chulsoo-ya/Chulsoo-ya/client/node_modules/vite/dist/node/chunks/node.js:20619:26)
      at async viteTransformMiddleware (file:///C:/Users/user/Desktop/chulsoo-ya/Chulsoo-ya/client/node_modules/vite/dist/node/chunks/node.js:25142:20)
[2mPM 11:12:40[22m [31m[1m[vite][22m[39m [31mInternal server error: Transform failed with 1 error:

[31m[PARSE_ERROR] [0mUnexpected token
    [38;5;246m╭[0m[38;5;246m─[0m[38;5;246m[[0m src/components/shop/ShopHeader.tsx:10:29 [38;5;246m][0m
    [38;5;246m│[0m
 [38;5;246m10 │[0m [38;5;249m [0m[38;5;249m [0m[38;5;249m{[0m[38;5;249m [0m[38;5;249ml[0m[38;5;249ma[0m[38;5;249mb[0m[38;5;249me[0m[38;5;249ml[0m[38;5;249m:[0m[38;5;249m [0m[38;5;249m'[0m[38;5;249m鍮[0m[38;5;249m좊[0m[38;5;249mⅨ[0m[38;5;249m [0m[38;5;249m?[0m[38;5;249m[0m[38;5;249m?[0m[38;5;249m?[0m[38;5;249m,[0m[38;5;249m [0m[38;5;249mt[0m[38;5;249mo[0m[38;5;249m:[0m[38;5;249m [0m[38;5;249m'[0m[38;5;249m/[0m?[38;5;249ms[0m[38;5;249me[0m[38;5;249mc[0m[38;5;249mt[0m[38;5;249mi[0m[38;5;249mo[0m[38;5;249mn[0m[38;5;249m=[0m[38;5;249mq[0m[38;5;249mu[0m[38;5;249mi[0m[38;5;249mc[0m[38;5;249mk[0m[38;5;249m-[0m[38;5;249mh[0m[38;5;249me[0m[38;5;249mr[0m[38;5;249mo[0m[38;5;249m'[0m[38;5;249m,[0m[38;5;249m [0m[38;5;249mt[0m[38;5;249mo[0m[38;5;249mn[0m[38;5;249me[0m[38;5;249m:[0m[38;5;249m [0m[38;5;249m'[0m[38;5;249mt[0m[38;5;249me[0m[38;5;249mx[0m[38;5;249mt[0m[38;5;249m-[0m[38;5;249mb[0m[38;5;249ml[0m[38;5;249mu[0m[38;5;249me[0m[38;5;249m-[0m[38;5;249m6[0m[38;5;249m0[0m[38;5;249m0[0m[38;5;249m'[0m[38;5;249m [0m[38;5;249m}[0m[38;5;249m,[0m
 [38;5;240m   │[0m                               ┬  
 [38;5;240m   │[0m                               ╰── 
[38;5;246m────╯[0m
[39m
  Plugin: [35mvite:oxc[39m
  File: [36mC:/Users/user/Desktop/chulsoo-ya/Chulsoo-ya/client/src/components/shop/ShopHeader.tsx[39m
      at transformWithOxc (file:///C:/Users/user/Desktop/chulsoo-ya/Chulsoo-ya/client/node_modules/vite/dist/node/chunks/node.js:4097:19)
      at TransformPluginContext.transform (file:///C:/Users/user/Desktop/chulsoo-ya/Chulsoo-ya/client/node_modules/vite/dist/node/chunks/node.js:4168:26)
      at EnvironmentPluginContainer.transform (file:///C:/Users/user/Desktop/chulsoo-ya/Chulsoo-ya/client/node_modules/vite/dist/node/chunks/node.js:30851:51)
      at async loadAndTransform (file:///C:/Users/user/Desktop/chulsoo-ya/Chulsoo-ya/client/node_modules/vite/dist/node/chunks/node.js:20619:26)
      at async viteTransformMiddleware (file:///C:/Users/user/Desktop/chulsoo-ya/Chulsoo-ya/client/node_modules/vite/dist/node/chunks/node.js:25142:20)
[2mPM 11:12:42[22m [31m[1m[vite][22m[39m [31mInternal server error: Transform failed with 1 error:

[31m[PARSE_ERROR] [0mUnexpected token
    [38;5;246m╭[0m[38;5;246m─[0m[38;5;246m[[0m src/components/shop/ShopHeader.tsx:10:29 [38;5;246m][0m
    [38;5;246m│[0m
 [38;5;246m10 │[0m [38;5;249m [0m[38;5;249m [0m[38;5;249m{[0m[38;5;249m [0m[38;5;249ml[0m[38;5;249ma[0m[38;5;249mb[0m[38;5;249me[0m[38;5;249ml[0m[38;5;249m:[0m[38;5;249m [0m[38;5;249m'[0m[38;5;249m鍮[0m[38;5;249m좊[0m[38;5;249mⅨ[0m[38;5;249m [0m[38;5;249m?[0m[38;5;249m[0m[38;5;249m?[0m[38;5;249m?[0m[38;5;249m,[0m[38;5;249m [0m[38;5;249mt[0m[38;5;249mo[0m[38;5;249m:[0m[38;5;249m [0m[38;5;249m'[0m[38;5;249m/[0m?[38;5;249ms[0m[38;5;249me[0m[38;5;249mc[0m[38;5;249mt[0m[38;5;249mi[0m[38;5;249mo[0m[38;5;249mn[0m[38;5;249m=[0m[38;5;249mq[0m[38;5;249mu[0m[38;5;249mi[0m[38;5;249mc[0m[38;5;249mk[0m[38;5;249m-[0m[38;5;249mh[0m[38;5;249me[0m[38;5;249mr[0m[38;5;249mo[0m[38;5;249m'[0m[38;5;249m,[0m[38;5;249m [0m[38;5;249mt[0m[38;5;249mo[0m[38;5;249mn[0m[38;5;249me[0m[38;5;249m:[0m[38;5;249m [0m[38;5;249m'[0m[38;5;249mt[0m[38;5;249me[0m[38;5;249mx[0m[38;5;249mt[0m[38;5;249m-[0m[38;5;249mb[0m[38;5;249ml[0m[38;5;249mu[0m[38;5;249me[0m[38;5;249m-[0m[38;5;249m6[0m[38;5;249m0[0m[38;5;249m0[0m[38;5;249m'[0m[38;5;249m [0m[38;5;249m}[0m[38;5;249m,[0m
 [38;5;240m   │[0m                               ┬  
 [38;5;240m   │[0m                               ╰── 
[38;5;246m────╯[0m
[39m
  Plugin: [35mvite:oxc[39m
  File: [36mC:/Users/user/Desktop/chulsoo-ya/Chulsoo-ya/client/src/components/shop/ShopHeader.tsx[39m
      at transformWithOxc (file:///C:/Users/user/Desktop/chulsoo-ya/Chulsoo-ya/client/node_modules/vite/dist/node/chunks/node.js:4097:19)
      at TransformPluginContext.transform (file:///C:/Users/user/Desktop/chulsoo-ya/Chulsoo-ya/client/node_modules/vite/dist/node/chunks/node.js:4168:26)
      at EnvironmentPluginContainer.transform (file:///C:/Users/user/Desktop/chulsoo-ya/Chulsoo-ya/client/node_modules/vite/dist/node/chunks/node.js:30851:51)
      at async loadAndTransform (file:///C:/Users/user/Desktop/chulsoo-ya/Chulsoo-ya/client/node_modules/vite/dist/node/chunks/node.js:20619:26)
      at async viteTransformMiddleware (file:///C:/Users/user/Desktop/chulsoo-ya/Chulsoo-ya/client/node_modules/vite/dist/node/chunks/node.js:25142:20)
[2mPM 11:31:44[22m [31m[1m[vite][22m[39m [31mInternal server error: Transform failed with 1 error:

[31m[PARSE_ERROR] [0mUnexpected token. Did you mean `{'}'}` or `&rbrace;`?
     [38;5;246m╭[0m[38;5;246m─[0m[38;5;246m[[0m src/features/catalog/HomePage.tsx:147:8 [38;5;246m][0m
     [38;5;246m│[0m
 [38;5;246m147 │[0m [38;5;249m [0m[38;5;249m [0m[38;5;249m [0m[38;5;249m [0m[38;5;249m [0m[38;5;249m [0m[38;5;249m)[0m[38;5;249m}[0m
 [38;5;240m    │[0m        │ 
 [38;5;240m    │[0m        ╰─ 
[38;5;246m─────╯[0m
[39m
  Plugin: [35mvite:oxc[39m
  File: [36mC:/Users/user/Desktop/chulsoo-ya/Chulsoo-ya/client/src/features/catalog/HomePage.tsx[39m
      at transformWithOxc (file:///C:/Users/user/Desktop/chulsoo-ya/Chulsoo-ya/client/node_modules/vite/dist/node/chunks/node.js:4097:19)
      at TransformPluginContext.transform (file:///C:/Users/user/Desktop/chulsoo-ya/Chulsoo-ya/client/node_modules/vite/dist/node/chunks/node.js:4168:26)
      at EnvironmentPluginContainer.transform (file:///C:/Users/user/Desktop/chulsoo-ya/Chulsoo-ya/client/node_modules/vite/dist/node/chunks/node.js:30851:51)
      at async loadAndTransform (file:///C:/Users/user/Desktop/chulsoo-ya/Chulsoo-ya/client/node_modules/vite/dist/node/chunks/node.js:20619:26)
      at async viteTransformMiddleware (file:///C:/Users/user/Desktop/chulsoo-ya/Chulsoo-ya/client/node_modules/vite/dist/node/chunks/node.js:25142:20)
[2mAM 12:04:11[22m [31m[1m[vite][22m[39m [31mInternal server error: Transform failed with 1 error:

[31m[PARSE_ERROR] [0mUnexpected token. Did you mean `{'>'}` or `&gt;`?
    [38;5;246m╭[0m[38;5;246m─[0m[38;5;246m[[0m src/features/catalog/HomePage.tsx:78:53 [38;5;246m][0m
    [38;5;246m│[0m
 [38;5;246m78 │[0m [38;5;249m [0m[38;5;249m [0m[38;5;249m [0m[38;5;249m [0m[38;5;249m [0m[38;5;249m [0m[38;5;249m [0m[38;5;249m [0m[38;5;249m [0m[38;5;249m [0m[38;5;249m [0m[38;5;249m [0m[38;5;249m?[0m[38;5;249m꾩[0m[38;5;249m껜[0m[38;5;249m [0m[38;5;249m蹂[0m[38;5;249m닿[0m[38;5;249m린[0m[38;5;249m [0m[38;5;249m<[0m[38;5;249ms[0m[38;5;249mp[0m[38;5;249ma[0m[38;5;249mn[0m[38;5;249m [0m[38;5;249ma[0m[38;5;249mr[0m[38;5;249mi[0m[38;5;249ma[0m[38;5;249m-[0m[38;5;249mh[0m[38;5;249mi[0m[38;5;249md[0m[38;5;249md[0m[38;5;249me[0m[38;5;249mn[0m[38;5;249m=[0m[38;5;249m"[0m[38;5;249mt[0m[38;5;249mr[0m[38;5;249mu[0m[38;5;249me[0m[38;5;249m"[0m[38;5;249m>[0m[38;5;249m?[0m[38;5;249m?[0m[38;5;249m/[0m[38;5;249ms[0m[38;5;249mp[0m[38;5;249ma[0m[38;5;249mn[0m[38;5;249m>[0m
 [38;5;240m   │[0m                                                          │ 
 [38;5;240m   │[0m                                                          ╰─ 
[38;5;246m────╯[0m
[39m
  Plugin: [35mvite:oxc[39m
  File: [36mC:/Users/user/Desktop/chulsoo-ya/Chulsoo-ya/client/src/features/catalog/HomePage.tsx[39m
      at transformWithOxc (file:///C:/Users/user/Desktop/chulsoo-ya/Chulsoo-ya/client/node_modules/vite/dist/node/chunks/node.js:4097:19)
      at TransformPluginContext.transform (file:///C:/Users/user/Desktop/chulsoo-ya/Chulsoo-ya/client/node_modules/vite/dist/node/chunks/node.js:4168:26)
      at EnvironmentPluginContainer.transform (file:///C:/Users/user/Desktop/chulsoo-ya/Chulsoo-ya/client/node_modules/vite/dist/node/chunks/node.js:30851:51)
      at async loadAndTransform (file:///C:/Users/user/Desktop/chulsoo-ya/Chulsoo-ya/client/node_modules/vite/dist/node/chunks/node.js:20619:26)
      at async viteTransformMiddleware (file:///C:/Users/user/Desktop/chulsoo-ya/Chulsoo-ya/client/node_modules/vite/dist/node/chunks/node.js:25142:20)
[2mAM 12:04:12[22m [31m[1m[vite][22m[39m [31m[2m(client)[22m[39m Pre-transform error: Transform failed with 1 error:

[31m[PARSE_ERROR] [0mUnexpected token. Did you mean `{'>'}` or `&gt;`?
    [38;5;246m╭[0m[38;5;246m─[0m[38;5;246m[[0m src/features/catalog/HomePage.tsx:78:53 [38;5;246m][0m
    [38;5;246m│[0m
 [38;5;246m78 │[0m [38;5;249m [0m[38;5;249m [0m[38;5;249m [0m[38;5;249m [0m[38;5;249m [0m[38;5;249m [0m[38;5;249m [0m[38;5;249m [0m[38;5;249m [0m[38;5;249m [0m[38;5;249m [0m[38;5;249m [0m[38;5;249m?[0m[38;5;249m꾩[0m[38;5;249m껜[0m[38;5;249m [0m[38;5;249m蹂[0m[38;5;249m닿[0m[38;5;249m린[0m[38;5;249m [0m[38;5;249m<[0m[38;5;249ms[0m[38;5;249mp[0m[38;5;249ma[0m[38;5;249mn[0m[38;5;249m [0m[38;5;249ma[0m[38;5;249mr[0m[38;5;249mi[0m[38;5;249ma[0m[38;5;249m-[0m[38;5;249mh[0m[38;5;249mi[0m[38;5;249md[0m[38;5;249md[0m[38;5;249me[0m[38;5;249mn[0m[38;5;249m=[0m[38;5;249m"[0m[38;5;249mt[0m[38;5;249mr[0m[38;5;249mu[0m[38;5;249me[0m[38;5;249m"[0m[38;5;249m>[0m[38;5;249m?[0m[38;5;249m?[0m[38;5;249m/[0m[38;5;249ms[0m[38;5;249mp[0m[38;5;249ma[0m[38;5;249mn[0m[38;5;249m>[0m
 [38;5;240m   │[0m                                                          │ 
 [38;5;240m   │[0m                                                          ╰─ 
[38;5;246m────╯[0m

  Plugin: [35mvite:oxc[39m
  File: [36mC:/Users/user/Desktop/chulsoo-ya/Chulsoo-ya/client/src/features/catalog/HomePage.tsx[39m
[2mAM 12:04:12[22m [31m[1m[vite][22m[39m [31mInternal server error: Transform failed with 1 error:

[31m[PARSE_ERROR] [0mUnexpected token. Did you mean `{'>'}` or `&gt;`?
    [38;5;246m╭[0m[38;5;246m─[0m[38;5;246m[[0m src/features/catalog/HomePage.tsx:78:53 [38;5;246m][0m
    [38;5;246m│[0m
 [38;5;246m78 │[0m [38;5;249m [0m[38;5;249m [0m[38;5;249m [0m[38;5;249m [0m[38;5;249m [0m[38;5;249m [0m[38;5;249m [0m[38;5;249m [0m[38;5;249m [0m[38;5;249m [0m[38;5;249m [0m[38;5;249m [0m[38;5;249m?[0m[38;5;249m꾩[0m[38;5;249m껜[0m[38;5;249m [0m[38;5;249m蹂[0m[38;5;249m닿[0m[38;5;249m린[0m[38;5;249m [0m[38;5;249m<[0m[38;5;249ms[0m[38;5;249mp[0m[38;5;249ma[0m[38;5;249mn[0m[38;5;249m [0m[38;5;249ma[0m[38;5;249mr[0m[38;5;249mi[0m[38;5;249ma[0m[38;5;249m-[0m[38;5;249mh[0m[38;5;249mi[0m[38;5;249md[0m[38;5;249md[0m[38;5;249me[0m[38;5;249mn[0m[38;5;249m=[0m[38;5;249m"[0m[38;5;249mt[0m[38;5;249mr[0m[38;5;249mu[0m[38;5;249me[0m[38;5;249m"[0m[38;5;249m>[0m[38;5;249m?[0m[38;5;249m?[0m[38;5;249m/[0m[38;5;249ms[0m[38;5;249mp[0m[38;5;249ma[0m[38;5;249mn[0m[38;5;249m>[0m
 [38;5;240m   │[0m                                                          │ 
 [38;5;240m   │[0m                                                          ╰─ 
[38;5;246m────╯[0m
[39m
  Plugin: [35mvite:oxc[39m
  File: [36mC:/Users/user/Desktop/chulsoo-ya/Chulsoo-ya/client/src/features/catalog/HomePage.tsx[39m
      at transformWithOxc (file:///C:/Users/user/Desktop/chulsoo-ya/Chulsoo-ya/client/node_modules/vite/dist/node/chunks/node.js:4097:19)
      at TransformPluginContext.transform (file:///C:/Users/user/Desktop/chulsoo-ya/Chulsoo-ya/client/node_modules/vite/dist/node/chunks/node.js:4168:26)
      at EnvironmentPluginContainer.transform (file:///C:/Users/user/Desktop/chulsoo-ya/Chulsoo-ya/client/node_modules/vite/dist/node/chunks/node.js:30851:51)
      at async loadAndTransform (file:///C:/Users/user/Desktop/chulsoo-ya/Chulsoo-ya/client/node_modules/vite/dist/node/chunks/node.js:20619:26)
      at async viteTransformMiddleware (file:///C:/Users/user/Desktop/chulsoo-ya/Chulsoo-ya/client/node_modules/vite/dist/node/chunks/node.js:25142:20)
[2mAM 12:04:26[22m [31m[1m[vite][22m[39m [31mInternal server error: Transform failed with 1 error:

[31m[PARSE_ERROR] [0mUnexpected token. Did you mean `{'>'}` or `&gt;`?
    [38;5;246m╭[0m[38;5;246m─[0m[38;5;246m[[0m src/features/catalog/HomePage.tsx:78:53 [38;5;246m][0m
    [38;5;246m│[0m
 [38;5;246m78 │[0m [38;5;249m [0m[38;5;249m [0m[38;5;249m [0m[38;5;249m [0m[38;5;249m [0m[38;5;249m [0m[38;5;249m [0m[38;5;249m [0m[38;5;249m [0m[38;5;249m [0m[38;5;249m [0m[38;5;249m [0m[38;5;249m?[0m[38;5;249m꾩[0m[38;5;249m껜[0m[38;5;249m [0m[38;5;249m蹂[0m[38;5;249m닿[0m[38;5;249m린[0m[38;5;249m [0m[38;5;249m<[0m[38;5;249ms[0m[38;5;249mp[0m[38;5;249ma[0m[38;5;249mn[0m[38;5;249m [0m[38;5;249ma[0m[38;5;249mr[0m[38;5;249mi[0m[38;5;249ma[0m[38;5;249m-[0m[38;5;249mh[0m[38;5;249mi[0m[38;5;249md[0m[38;5;249md[0m[38;5;249me[0m[38;5;249mn[0m[38;5;249m=[0m[38;5;249m"[0m[38;5;249mt[0m[38;5;249mr[0m[38;5;249mu[0m[38;5;249me[0m[38;5;249m"[0m[38;5;249m>[0m[38;5;249m?[0m[38;5;249m?[0m[38;5;249m/[0m[38;5;249ms[0m[38;5;249mp[0m[38;5;249ma[0m[38;5;249mn[0m[38;5;249m>[0m
 [38;5;240m   │[0m                                                          │ 
 [38;5;240m   │[0m                                                          ╰─ 
[38;5;246m────╯[0m
[39m
  Plugin: [35mvite:oxc[39m
  File: [36mC:/Users/user/Desktop/chulsoo-ya/Chulsoo-ya/client/src/features/catalog/HomePage.tsx[39m
      at transformWithOxc (file:///C:/Users/user/Desktop/chulsoo-ya/Chulsoo-ya/client/node_modules/vite/dist/node/chunks/node.js:4097:19)
      at TransformPluginContext.transform (file:///C:/Users/user/Desktop/chulsoo-ya/Chulsoo-ya/client/node_modules/vite/dist/node/chunks/node.js:4168:26)
      at EnvironmentPluginContainer.transform (file:///C:/Users/user/Desktop/chulsoo-ya/Chulsoo-ya/client/node_modules/vite/dist/node/chunks/node.js:30851:51)
      at async loadAndTransform (file:///C:/Users/user/Desktop/chulsoo-ya/Chulsoo-ya/client/node_modules/vite/dist/node/chunks/node.js:20619:26)
      at async viteTransformMiddleware (file:///C:/Users/user/Desktop/chulsoo-ya/Chulsoo-ya/client/node_modules/vite/dist/node/chunks/node.js:25142:20)
[2mAM 12:04:28[22m [31m[1m[vite][22m[39m [31mInternal server error: Transform failed with 1 error:

[31m[PARSE_ERROR] [0mUnexpected token. Did you mean `{'>'}` or `&gt;`?
    [38;5;246m╭[0m[38;5;246m─[0m[38;5;246m[[0m src/features/catalog/HomePage.tsx:78:53 [38;5;246m][0m
    [38;5;246m│[0m
 [38;5;246m78 │[0m [38;5;249m [0m[38;5;249m [0m[38;5;249m [0m[38;5;249m [0m[38;5;249m [0m[38;5;249m [0m[38;5;249m [0m[38;5;249m [0m[38;5;249m [0m[38;5;249m [0m[38;5;249m [0m[38;5;249m [0m[38;5;249m?[0m[38;5;249m꾩[0m[38;5;249m껜[0m[38;5;249m [0m[38;5;249m蹂[0m[38;5;249m닿[0m[38;5;249m린[0m[38;5;249m [0m[38;5;249m<[0m[38;5;249ms[0m[38;5;249mp[0m[38;5;249ma[0m[38;5;249mn[0m[38;5;249m [0m[38;5;249ma[0m[38;5;249mr[0m[38;5;249mi[0m[38;5;249ma[0m[38;5;249m-[0m[38;5;249mh[0m[38;5;249mi[0m[38;5;249md[0m[38;5;249md[0m[38;5;249me[0m[38;5;249mn[0m[38;5;249m=[0m[38;5;249m"[0m[38;5;249mt[0m[38;5;249mr[0m[38;5;249mu[0m[38;5;249me[0m[38;5;249m"[0m[38;5;249m>[0m[38;5;249m?[0m[38;5;249m?[0m[38;5;249m/[0m[38;5;249ms[0m[38;5;249mp[0m[38;5;249ma[0m[38;5;249mn[0m[38;5;249m>[0m
 [38;5;240m   │[0m                                                          │ 
 [38;5;240m   │[0m                                                          ╰─ 
[38;5;246m────╯[0m
[39m
  Plugin: [35mvite:oxc[39m
  File: [36mC:/Users/user/Desktop/chulsoo-ya/Chulsoo-ya/client/src/features/catalog/HomePage.tsx[39m
      at transformWithOxc (file:///C:/Users/user/Desktop/chulsoo-ya/Chulsoo-ya/client/node_modules/vite/dist/node/chunks/node.js:4097:19)
      at TransformPluginContext.transform (file:///C:/Users/user/Desktop/chulsoo-ya/Chulsoo-ya/client/node_modules/vite/dist/node/chunks/node.js:4168:26)
      at EnvironmentPluginContainer.transform (file:///C:/Users/user/Desktop/chulsoo-ya/Chulsoo-ya/client/node_modules/vite/dist/node/chunks/node.js:30851:51)
      at async loadAndTransform (file:///C:/Users/user/Desktop/chulsoo-ya/Chulsoo-ya/client/node_modules/vite/dist/node/chunks/node.js:20619:26)
      at async viteTransformMiddleware (file:///C:/Users/user/Desktop/chulsoo-ya/Chulsoo-ya/client/node_modules/vite/dist/node/chunks/node.js:25142:20)
[2mAM 12:04:41[22m [31m[1m[vite][22m[39m [31mInternal server error: Transform failed with 1 error:

[31m[PARSE_ERROR] [0mUnexpected token. Did you mean `{'>'}` or `&gt;`?
    [38;5;246m╭[0m[38;5;246m─[0m[38;5;246m[[0m src/features/catalog/HomePage.tsx:78:53 [38;5;246m][0m
    [38;5;246m│[0m
 [38;5;246m78 │[0m [38;5;249m [0m[38;5;249m [0m[38;5;249m [0m[38;5;249m [0m[38;5;249m [0m[38;5;249m [0m[38;5;249m [0m[38;5;249m [0m[38;5;249m [0m[38;5;249m [0m[38;5;249m [0m[38;5;249m [0m[38;5;249m?[0m[38;5;249m꾩[0m[38;5;249m껜[0m[38;5;249m [0m[38;5;249m蹂[0m[38;5;249m닿[0m[38;5;249m린[0m[38;5;249m [0m[38;5;249m<[0m[38;5;249ms[0m[38;5;249mp[0m[38;5;249ma[0m[38;5;249mn[0m[38;5;249m [0m[38;5;249ma[0m[38;5;249mr[0m[38;5;249mi[0m[38;5;249ma[0m[38;5;249m-[0m[38;5;249mh[0m[38;5;249mi[0m[38;5;249md[0m[38;5;249md[0m[38;5;249me[0m[38;5;249mn[0m[38;5;249m=[0m[38;5;249m"[0m[38;5;249mt[0m[38;5;249mr[0m[38;5;249mu[0m[38;5;249me[0m[38;5;249m"[0m[38;5;249m>[0m[38;5;249m?[0m[38;5;249m?[0m[38;5;249m/[0m[38;5;249ms[0m[38;5;249mp[0m[38;5;249ma[0m[38;5;249mn[0m[38;5;249m>[0m
 [38;5;240m   │[0m                                                          │ 
 [38;5;240m   │[0m                                                          ╰─ 
[38;5;246m────╯[0m
[39m
  Plugin: [35mvite:oxc[39m
  File: [36mC:/Users/user/Desktop/chulsoo-ya/Chulsoo-ya/client/src/features/catalog/HomePage.tsx[39m
      at transformWithOxc (file:///C:/Users/user/Desktop/chulsoo-ya/Chulsoo-ya/client/node_modules/vite/dist/node/chunks/node.js:4097:19)
      at TransformPluginContext.transform (file:///C:/Users/user/Desktop/chulsoo-ya/Chulsoo-ya/client/node_modules/vite/dist/node/chunks/node.js:4168:26)
      at EnvironmentPluginContainer.transform (file:///C:/Users/user/Desktop/chulsoo-ya/Chulsoo-ya/client/node_modules/vite/dist/node/chunks/node.js:30851:51)
      at async loadAndTransform (file:///C:/Users/user/Desktop/chulsoo-ya/Chulsoo-ya/client/node_modules/vite/dist/node/chunks/node.js:20619:26)
      at async viteTransformMiddleware (file:///C:/Users/user/Desktop/chulsoo-ya/Chulsoo-ya/client/node_modules/vite/dist/node/chunks/node.js:25142:20)
[2mAM 12:04:42[22m [31m[1m[vite][22m[39m [31mInternal server error: Transform failed with 1 error:

[31m[PARSE_ERROR] [0mUnexpected token. Did you mean `{'>'}` or `&gt;`?
    [38;5;246m╭[0m[38;5;246m─[0m[38;5;246m[[0m src/features/catalog/HomePage.tsx:78:53 [38;5;246m][0m
    [38;5;246m│[0m
 [38;5;246m78 │[0m [38;5;249m [0m[38;5;249m [0m[38;5;249m [0m[38;5;249m [0m[38;5;249m [0m[38;5;249m [0m[38;5;249m [0m[38;5;249m [0m[38;5;249m [0m[38;5;249m [0m[38;5;249m [0m[38;5;249m [0m[38;5;249m?[0m[38;5;249m꾩[0m[38;5;249m껜[0m[38;5;249m [0m[38;5;249m蹂[0m[38;5;249m닿[0m[38;5;249m린[0m[38;5;249m [0m[38;5;249m<[0m[38;5;249ms[0m[38;5;249mp[0m[38;5;249ma[0m[38;5;249mn[0m[38;5;249m [0m[38;5;249ma[0m[38;5;249mr[0m[38;5;249mi[0m[38;5;249ma[0m[38;5;249m-[0m[38;5;249mh[0m[38;5;249mi[0m[38;5;249md[0m[38;5;249md[0m[38;5;249me[0m[38;5;249mn[0m[38;5;249m=[0m[38;5;249m"[0m[38;5;249mt[0m[38;5;249mr[0m[38;5;249mu[0m[38;5;249me[0m[38;5;249m"[0m[38;5;249m>[0m[38;5;249m?[0m[38;5;249m?[0m[38;5;249m/[0m[38;5;249ms[0m[38;5;249mp[0m[38;5;249ma[0m[38;5;249mn[0m[38;5;249m>[0m
 [38;5;240m   │[0m                                                          │ 
 [38;5;240m   │[0m                                                          ╰─ 
[38;5;246m────╯[0m
[39m
  Plugin: [35mvite:oxc[39m
  File: [36mC:/Users/user/Desktop/chulsoo-ya/Chulsoo-ya/client/src/features/catalog/HomePage.tsx[39m
      at transformWithOxc (file:///C:/Users/user/Desktop/chulsoo-ya/Chulsoo-ya/client/node_modules/vite/dist/node/chunks/node.js:4097:19)
      at TransformPluginContext.transform (file:///C:/Users/user/Desktop/chulsoo-ya/Chulsoo-ya/client/node_modules/vite/dist/node/chunks/node.js:4168:26)
      at EnvironmentPluginContainer.transform (file:///C:/Users/user/Desktop/chulsoo-ya/Chulsoo-ya/client/node_modules/vite/dist/node/chunks/node.js:30851:51)
      at async loadAndTransform (file:///C:/Users/user/Desktop/chulsoo-ya/Chulsoo-ya/client/node_modules/vite/dist/node/chunks/node.js:20619:26)
      at async viteTransformMiddleware (file:///C:/Users/user/Desktop/chulsoo-ya/Chulsoo-ya/client/node_modules/vite/dist/node/chunks/node.js:25142:20)
[2mAM 12:04:56[22m [31m[1m[vite][22m[39m [31mInternal server error: Transform failed with 1 error:

[31m[PARSE_ERROR] [0mUnexpected token. Did you mean `{'>'}` or `&gt;`?
    [38;5;246m╭[0m[38;5;246m─[0m[38;5;246m[[0m src/features/catalog/HomePage.tsx:78:53 [38;5;246m][0m
    [38;5;246m│[0m
 [38;5;246m78 │[0m [38;5;249m [0m[38;5;249m [0m[38;5;249m [0m[38;5;249m [0m[38;5;249m [0m[38;5;249m [0m[38;5;249m [0m[38;5;249m [0m[38;5;249m [0m[38;5;249m [0m[38;5;249m [0m[38;5;249m [0m[38;5;249m?[0m[38;5;249m꾩[0m[38;5;249m껜[0m[38;5;249m [0m[38;5;249m蹂[0m[38;5;249m닿[0m[38;5;249m린[0m[38;5;249m [0m[38;5;249m<[0m[38;5;249ms[0m[38;5;249mp[0m[38;5;249ma[0m[38;5;249mn[0m[38;5;249m [0m[38;5;249ma[0m[38;5;249mr[0m[38;5;249mi[0m[38;5;249ma[0m[38;5;249m-[0m[38;5;249mh[0m[38;5;249mi[0m[38;5;249md[0m[38;5;249md[0m[38;5;249me[0m[38;5;249mn[0m[38;5;249m=[0m[38;5;249m"[0m[38;5;249mt[0m[38;5;249mr[0m[38;5;249mu[0m[38;5;249me[0m[38;5;249m"[0m[38;5;249m>[0m[38;5;249m?[0m[38;5;249m?[0m[38;5;249m/[0m[38;5;249ms[0m[38;5;249mp[0m[38;5;249ma[0m[38;5;249mn[0m[38;5;249m>[0m
 [38;5;240m   │[0m                                                          │ 
 [38;5;240m   │[0m                                                          ╰─ 
[38;5;246m────╯[0m
[39m
  Plugin: [35mvite:oxc[39m
  File: [36mC:/Users/user/Desktop/chulsoo-ya/Chulsoo-ya/client/src/features/catalog/HomePage.tsx[39m
      at transformWithOxc (file:///C:/Users/user/Desktop/chulsoo-ya/Chulsoo-ya/client/node_modules/vite/dist/node/chunks/node.js:4097:19)
      at TransformPluginContext.transform (file:///C:/Users/user/Desktop/chulsoo-ya/Chulsoo-ya/client/node_modules/vite/dist/node/chunks/node.js:4168:26)
      at EnvironmentPluginContainer.transform (file:///C:/Users/user/Desktop/chulsoo-ya/Chulsoo-ya/client/node_modules/vite/dist/node/chunks/node.js:30851:51)
      at async loadAndTransform (file:///C:/Users/user/Desktop/chulsoo-ya/Chulsoo-ya/client/node_modules/vite/dist/node/chunks/node.js:20619:26)
      at async viteTransformMiddleware (file:///C:/Users/user/Desktop/chulsoo-ya/Chulsoo-ya/client/node_modules/vite/dist/node/chunks/node.js:25142:20)
[2mAM 12:04:58[22m [31m[1m[vite][22m[39m [31mInternal server error: Transform failed with 1 error:

[31m[PARSE_ERROR] [0mUnexpected token. Did you mean `{'>'}` or `&gt;`?
    [38;5;246m╭[0m[38;5;246m─[0m[38;5;246m[[0m src/features/catalog/HomePage.tsx:78:53 [38;5;246m][0m
    [38;5;246m│[0m
 [38;5;246m78 │[0m [38;5;249m [0m[38;5;249m [0m[38;5;249m [0m[38;5;249m [0m[38;5;249m [0m[38;5;249m [0m[38;5;249m [0m[38;5;249m [0m[38;5;249m [0m[38;5;249m [0m[38;5;249m [0m[38;5;249m [0m[38;5;249m?[0m[38;5;249m꾩[0m[38;5;249m껜[0m[38;5;249m [0m[38;5;249m蹂[0m[38;5;249m닿[0m[38;5;249m린[0m[38;5;249m [0m[38;5;249m<[0m[38;5;249ms[0m[38;5;249mp[0m[38;5;249ma[0m[38;5;249mn[0m[38;5;249m [0m[38;5;249ma[0m[38;5;249mr[0m[38;5;249mi[0m[38;5;249ma[0m[38;5;249m-[0m[38;5;249mh[0m[38;5;249mi[0m[38;5;249md[0m[38;5;249md[0m[38;5;249me[0m[38;5;249mn[0m[38;5;249m=[0m[38;5;249m"[0m[38;5;249mt[0m[38;5;249mr[0m[38;5;249mu[0m[38;5;249me[0m[38;5;249m"[0m[38;5;249m>[0m[38;5;249m?[0m[38;5;249m?[0m[38;5;249m/[0m[38;5;249ms[0m[38;5;249mp[0m[38;5;249ma[0m[38;5;249mn[0m[38;5;249m>[0m
 [38;5;240m   │[0m                                                          │ 
 [38;5;240m   │[0m                                                          ╰─ 
[38;5;246m────╯[0m
[39m
  Plugin: [35mvite:oxc[39m
  File: [36mC:/Users/user/Desktop/chulsoo-ya/Chulsoo-ya/client/src/features/catalog/HomePage.tsx[39m
      at transformWithOxc (file:///C:/Users/user/Desktop/chulsoo-ya/Chulsoo-ya/client/node_modules/vite/dist/node/chunks/node.js:4097:19)
      at TransformPluginContext.transform (file:///C:/Users/user/Desktop/chulsoo-ya/Chulsoo-ya/client/node_modules/vite/dist/node/chunks/node.js:4168:26)
      at EnvironmentPluginContainer.transform (file:///C:/Users/user/Desktop/chulsoo-ya/Chulsoo-ya/client/node_modules/vite/dist/node/chunks/node.js:30851:51)
      at async loadAndTransform (file:///C:/Users/user/Desktop/chulsoo-ya/Chulsoo-ya/client/node_modules/vite/dist/node/chunks/node.js:20619:26)
      at async viteTransformMiddleware (file:///C:/Users/user/Desktop/chulsoo-ya/Chulsoo-ya/client/node_modules/vite/dist/node/chunks/node.js:25142:20)
[2mAM 12:05:11[22m [31m[1m[vite][22m[39m [31mInternal server error: Transform failed with 1 error:

[31m[PARSE_ERROR] [0mUnexpected token. Did you mean `{'>'}` or `&gt;`?
    [38;5;246m╭[0m[38;5;246m─[0m[38;5;246m[[0m src/features/catalog/HomePage.tsx:78:53 [38;5;246m][0m
    [38;5;246m│[0m
 [38;5;246m78 │[0m [38;5;249m [0m[38;5;249m [0m[38;5;249m [0m[38;5;249m [0m[38;5;249m [0m[38;5;249m [0m[38;5;249m [0m[38;5;249m [0m[38;5;249m [0m[38;5;249m [0m[38;5;249m [0m[38;5;249m [0m[38;5;249m?[0m[38;5;249m꾩[0m[38;5;249m껜[0m[38;5;249m [0m[38;5;249m蹂[0m[38;5;249m닿[0m[38;5;249m린[0m[38;5;249m [0m[38;5;249m<[0m[38;5;249ms[0m[38;5;249mp[0m[38;5;249ma[0m[38;5;249mn[0m[38;5;249m [0m[38;5;249ma[0m[38;5;249mr[0m[38;5;249mi[0m[38;5;249ma[0m[38;5;249m-[0m[38;5;249mh[0m[38;5;249mi[0m[38;5;249md[0m[38;5;249md[0m[38;5;249me[0m[38;5;249mn[0m[38;5;249m=[0m[38;5;249m"[0m[38;5;249mt[0m[38;5;249mr[0m[38;5;249mu[0m[38;5;249me[0m[38;5;249m"[0m[38;5;249m>[0m[38;5;249m?[0m[38;5;249m?[0m[38;5;249m/[0m[38;5;249ms[0m[38;5;249mp[0m[38;5;249ma[0m[38;5;249mn[0m[38;5;249m>[0m
 [38;5;240m   │[0m                                                          │ 
 [38;5;240m   │[0m                                                          ╰─ 
[38;5;246m────╯[0m
[39m
  Plugin: [35mvite:oxc[39m
  File: [36mC:/Users/user/Desktop/chulsoo-ya/Chulsoo-ya/client/src/features/catalog/HomePage.tsx[39m
      at transformWithOxc (file:///C:/Users/user/Desktop/chulsoo-ya/Chulsoo-ya/client/node_modules/vite/dist/node/chunks/node.js:4097:19)
      at TransformPluginContext.transform (file:///C:/Users/user/Desktop/chulsoo-ya/Chulsoo-ya/client/node_modules/vite/dist/node/chunks/node.js:4168:26)
      at EnvironmentPluginContainer.transform (file:///C:/Users/user/Desktop/chulsoo-ya/Chulsoo-ya/client/node_modules/vite/dist/node/chunks/node.js:30851:51)
      at async loadAndTransform (file:///C:/Users/user/Desktop/chulsoo-ya/Chulsoo-ya/client/node_modules/vite/dist/node/chunks/node.js:20619:26)
      at async viteTransformMiddleware (file:///C:/Users/user/Desktop/chulsoo-ya/Chulsoo-ya/client/node_modules/vite/dist/node/chunks/node.js:25142:20)
[2mAM 12:05:14[22m [31m[1m[vite][22m[39m [31mInternal server error: Transform failed with 1 error:

[31m[PARSE_ERROR] [0mUnexpected token. Did you mean `{'>'}` or `&gt;`?
    [38;5;246m╭[0m[38;5;246m─[0m[38;5;246m[[0m src/features/catalog/HomePage.tsx:78:53 [38;5;246m][0m
    [38;5;246m│[0m
 [38;5;246m78 │[0m [38;5;249m [0m[38;5;249m [0m[38;5;249m [0m[38;5;249m [0m[38;5;249m [0m[38;5;249m [0m[38;5;249m [0m[38;5;249m [0m[38;5;249m [0m[38;5;249m [0m[38;5;249m [0m[38;5;249m [0m[38;5;249m?[0m[38;5;249m꾩[0m[38;5;249m껜[0m[38;5;249m [0m[38;5;249m蹂[0m[38;5;249m닿[0m[38;5;249m린[0m[38;5;249m [0m[38;5;249m<[0m[38;5;249ms[0m[38;5;249mp[0m[38;5;249ma[0m[38;5;249mn[0m[38;5;249m [0m[38;5;249ma[0m[38;5;249mr[0m[38;5;249mi[0m[38;5;249ma[0m[38;5;249m-[0m[38;5;249mh[0m[38;5;249mi[0m[38;5;249md[0m[38;5;249md[0m[38;5;249me[0m[38;5;249mn[0m[38;5;249m=[0m[38;5;249m"[0m[38;5;249mt[0m[38;5;249mr[0m[38;5;249mu[0m[38;5;249me[0m[38;5;249m"[0m[38;5;249m>[0m[38;5;249m?[0m[38;5;249m?[0m[38;5;249m/[0m[38;5;249ms[0m[38;5;249mp[0m[38;5;249ma[0m[38;5;249mn[0m[38;5;249m>[0m
 [38;5;240m   │[0m                                                          │ 
 [38;5;240m   │[0m                                                          ╰─ 
[38;5;246m────╯[0m
[39m
  Plugin: [35mvite:oxc[39m
  File: [36mC:/Users/user/Desktop/chulsoo-ya/Chulsoo-ya/client/src/features/catalog/HomePage.tsx[39m
      at transformWithOxc (file:///C:/Users/user/Desktop/chulsoo-ya/Chulsoo-ya/client/node_modules/vite/dist/node/chunks/node.js:4097:19)
      at TransformPluginContext.transform (file:///C:/Users/user/Desktop/chulsoo-ya/Chulsoo-ya/client/node_modules/vite/dist/node/chunks/node.js:4168:26)
      at EnvironmentPluginContainer.transform (file:///C:/Users/user/Desktop/chulsoo-ya/Chulsoo-ya/client/node_modules/vite/dist/node/chunks/node.js:30851:51)
      at async loadAndTransform (file:///C:/Users/user/Desktop/chulsoo-ya/Chulsoo-ya/client/node_modules/vite/dist/node/chunks/node.js:20619:26)
      at async viteTransformMiddleware (file:///C:/Users/user/Desktop/chulsoo-ya/Chulsoo-ya/client/node_modules/vite/dist/node/chunks/node.js:25142:20)
[2mAM 12:05:26[22m [31m[1m[vite][22m[39m [31mInternal server error: Transform failed with 1 error:

[31m[PARSE_ERROR] [0mUnexpected token. Did you mean `{'>'}` or `&gt;`?
    [38;5;246m╭[0m[38;5;246m─[0m[38;5;246m[[0m src/features/catalog/HomePage.tsx:78:53 [38;5;246m][0m
    [38;5;246m│[0m
 [38;5;246m78 │[0m [38;5;249m [0m[38;5;249m [0m[38;5;249m [0m[38;5;249m [0m[38;5;249m [0m[38;5;249m [0m[38;5;249m [0m[38;5;249m [0m[38;5;249m [0m[38;5;249m [0m[38;5;249m [0m[38;5;249m [0m[38;5;249m?[0m[38;5;249m꾩[0m[38;5;249m껜[0m[38;5;249m [0m[38;5;249m蹂[0m[38;5;249m닿[0m[38;5;249m린[0m[38;5;249m [0m[38;5;249m<[0m[38;5;249ms[0m[38;5;249mp[0m[38;5;249ma[0m[38;5;249mn[0m[38;5;249m [0m[38;5;249ma[0m[38;5;249mr[0m[38;5;249mi[0m[38;5;249ma[0m[38;5;249m-[0m[38;5;249mh[0m[38;5;249mi[0m[38;5;249md[0m[38;5;249md[0m[38;5;249me[0m[38;5;249mn[0m[38;5;249m=[0m[38;5;249m"[0m[38;5;249mt[0m[38;5;249mr[0m[38;5;249mu[0m[38;5;249me[0m[38;5;249m"[0m[38;5;249m>[0m[38;5;249m?[0m[38;5;249m?[0m[38;5;249m/[0m[38;5;249ms[0m[38;5;249mp[0m[38;5;249ma[0m[38;5;249mn[0m[38;5;249m>[0m
 [38;5;240m   │[0m                                                          │ 
 [38;5;240m   │[0m                                                          ╰─ 
[38;5;246m────╯[0m
[39m
  Plugin: [35mvite:oxc[39m
  File: [36mC:/Users/user/Desktop/chulsoo-ya/Chulsoo-ya/client/src/features/catalog/HomePage.tsx[39m
      at transformWithOxc (file:///C:/Users/user/Desktop/chulsoo-ya/Chulsoo-ya/client/node_modules/vite/dist/node/chunks/node.js:4097:19)
      at TransformPluginContext.transform (file:///C:/Users/user/Desktop/chulsoo-ya/Chulsoo-ya/client/node_modules/vite/dist/node/chunks/node.js:4168:26)
      at EnvironmentPluginContainer.transform (file:///C:/Users/user/Desktop/chulsoo-ya/Chulsoo-ya/client/node_modules/vite/dist/node/chunks/node.js:30851:51)
      at async loadAndTransform (file:///C:/Users/user/Desktop/chulsoo-ya/Chulsoo-ya/client/node_modules/vite/dist/node/chunks/node.js:20619:26)
      at async viteTransformMiddleware (file:///C:/Users/user/Desktop/chulsoo-ya/Chulsoo-ya/client/node_modules/vite/dist/node/chunks/node.js:25142:20)
[2mAM 12:05:29[22m [31m[1m[vite][22m[39m [31mInternal server error: Transform failed with 1 error:

[31m[PARSE_ERROR] [0mUnexpected token. Did you mean `{'>'}` or `&gt;`?
    [38;5;246m╭[0m[38;5;246m─[0m[38;5;246m[[0m src/features/catalog/HomePage.tsx:78:53 [38;5;246m][0m
    [38;5;246m│[0m
 [38;5;246m78 │[0m [38;5;249m [0m[38;5;249m [0m[38;5;249m [0m[38;5;249m [0m[38;5;249m [0m[38;5;249m [0m[38;5;249m [0m[38;5;249m [0m[38;5;249m [0m[38;5;249m [0m[38;5;249m [0m[38;5;249m [0m[38;5;249m?[0m[38;5;249m꾩[0m[38;5;249m껜[0m[38;5;249m [0m[38;5;249m蹂[0m[38;5;249m닿[0m[38;5;249m린[0m[38;5;249m [0m[38;5;249m<[0m[38;5;249ms[0m[38;5;249mp[0m[38;5;249ma[0m[38;5;249mn[0m[38;5;249m [0m[38;5;249ma[0m[38;5;249mr[0m[38;5;249mi[0m[38;5;249ma[0m[38;5;249m-[0m[38;5;249mh[0m[38;5;249mi[0m[38;5;249md[0m[38;5;249md[0m[38;5;249me[0m[38;5;249mn[0m[38;5;249m=[0m[38;5;249m"[0m[38;5;249mt[0m[38;5;249mr[0m[38;5;249mu[0m[38;5;249me[0m[38;5;249m"[0m[38;5;249m>[0m[38;5;249m?[0m[38;5;249m?[0m[38;5;249m/[0m[38;5;249ms[0m[38;5;249mp[0m[38;5;249ma[0m[38;5;249mn[0m[38;5;249m>[0m
 [38;5;240m   │[0m                                                          │ 
 [38;5;240m   │[0m                                                          ╰─ 
[38;5;246m────╯[0m
[39m
  Plugin: [35mvite:oxc[39m
  File: [36mC:/Users/user/Desktop/chulsoo-ya/Chulsoo-ya/client/src/features/catalog/HomePage.tsx[39m
      at transformWithOxc (file:///C:/Users/user/Desktop/chulsoo-ya/Chulsoo-ya/client/node_modules/vite/dist/node/chunks/node.js:4097:19)
      at TransformPluginContext.transform (file:///C:/Users/user/Desktop/chulsoo-ya/Chulsoo-ya/client/node_modules/vite/dist/node/chunks/node.js:4168:26)
      at EnvironmentPluginContainer.transform (file:///C:/Users/user/Desktop/chulsoo-ya/Chulsoo-ya/client/node_modules/vite/dist/node/chunks/node.js:30851:51)
      at async loadAndTransform (file:///C:/Users/user/Desktop/chulsoo-ya/Chulsoo-ya/client/node_modules/vite/dist/node/chunks/node.js:20619:26)
      at async viteTransformMiddleware (file:///C:/Users/user/Desktop/chulsoo-ya/Chulsoo-ya/client/node_modules/vite/dist/node/chunks/node.js:25142:20)
[2mAM 12:05:41[22m [31m[1m[vite][22m[39m [31mInternal server error: Transform failed with 1 error:

[31m[PARSE_ERROR] [0mUnexpected token. Did you mean `{'>'}` or `&gt;`?
    [38;5;246m╭[0m[38;5;246m─[0m[38;5;246m[[0m src/features/catalog/HomePage.tsx:78:53 [38;5;246m][0m
    [38;5;246m│[0m
 [38;5;246m78 │[0m [38;5;249m [0m[38;5;249m [0m[38;5;249m [0m[38;5;249m [0m[38;5;249m [0m[38;5;249m [0m[38;5;249m [0m[38;5;249m [0m[38;5;249m [0m[38;5;249m [0m[38;5;249m [0m[38;5;249m [0m[38;5;249m?[0m[38;5;249m꾩[0m[38;5;249m껜[0m[38;5;249m [0m[38;5;249m蹂[0m[38;5;249m닿[0m[38;5;249m린[0m[38;5;249m [0m[38;5;249m<[0m[38;5;249ms[0m[38;5;249mp[0m[38;5;249ma[0m[38;5;249mn[0m[38;5;249m [0m[38;5;249ma[0m[38;5;249mr[0m[38;5;249mi[0m[38;5;249ma[0m[38;5;249m-[0m[38;5;249mh[0m[38;5;249mi[0m[38;5;249md[0m[38;5;249md[0m[38;5;249me[0m[38;5;249mn[0m[38;5;249m=[0m[38;5;249m"[0m[38;5;249mt[0m[38;5;249mr[0m[38;5;249mu[0m[38;5;249me[0m[38;5;249m"[0m[38;5;249m>[0m[38;5;249m?[0m[38;5;249m?[0m[38;5;249m/[0m[38;5;249ms[0m[38;5;249mp[0m[38;5;249ma[0m[38;5;249mn[0m[38;5;249m>[0m
 [38;5;240m   │[0m                                                          │ 
 [38;5;240m   │[0m                                                          ╰─ 
[38;5;246m────╯[0m
[39m
  Plugin: [35mvite:oxc[39m
  File: [36mC:/Users/user/Desktop/chulsoo-ya/Chulsoo-ya/client/src/features/catalog/HomePage.tsx[39m
      at transformWithOxc (file:///C:/Users/user/Desktop/chulsoo-ya/Chulsoo-ya/client/node_modules/vite/dist/node/chunks/node.js:4097:19)
      at TransformPluginContext.transform (file:///C:/Users/user/Desktop/chulsoo-ya/Chulsoo-ya/client/node_modules/vite/dist/node/chunks/node.js:4168:26)
      at EnvironmentPluginContainer.transform (file:///C:/Users/user/Desktop/chulsoo-ya/Chulsoo-ya/client/node_modules/vite/dist/node/chunks/node.js:30851:51)
      at async loadAndTransform (file:///C:/Users/user/Desktop/chulsoo-ya/Chulsoo-ya/client/node_modules/vite/dist/node/chunks/node.js:20619:26)
      at async viteTransformMiddleware (file:///C:/Users/user/Desktop/chulsoo-ya/Chulsoo-ya/client/node_modules/vite/dist/node/chunks/node.js:25142:20)
[2mAM 12:05:42[22m [31m[1m[vite][22m[39m [31mInternal server error: Transform failed with 1 error:

[31m[PARSE_ERROR] [0mUnexpected token. Did you mean `{'>'}` or `&gt;`?
    [38;5;246m╭[0m[38;5;246m─[0m[38;5;246m[[0m src/features/catalog/HomePage.tsx:78:53 [38;5;246m][0m
    [38;5;246m│[0m
 [38;5;246m78 │[0m [38;5;249m [0m[38;5;249m [0m[38;5;249m [0m[38;5;249m [0m[38;5;249m [0m[38;5;249m [0m[38;5;249m [0m[38;5;249m [0m[38;5;249m [0m[38;5;249m [0m[38;5;249m [0m[38;5;249m [0m[38;5;249m?[0m[38;5;249m꾩[0m[38;5;249m껜[0m[38;5;249m [0m[38;5;249m蹂[0m[38;5;249m닿[0m[38;5;249m린[0m[38;5;249m [0m[38;5;249m<[0m[38;5;249ms[0m[38;5;249mp[0m[38;5;249ma[0m[38;5;249mn[0m[38;5;249m [0m[38;5;249ma[0m[38;5;249mr[0m[38;5;249mi[0m[38;5;249ma[0m[38;5;249m-[0m[38;5;249mh[0m[38;5;249mi[0m[38;5;249md[0m[38;5;249md[0m[38;5;249me[0m[38;5;249mn[0m[38;5;249m=[0m[38;5;249m"[0m[38;5;249mt[0m[38;5;249mr[0m[38;5;249mu[0m[38;5;249me[0m[38;5;249m"[0m[38;5;249m>[0m[38;5;249m?[0m[38;5;249m?[0m[38;5;249m/[0m[38;5;249ms[0m[38;5;249mp[0m[38;5;249ma[0m[38;5;249mn[0m[38;5;249m>[0m
 [38;5;240m   │[0m                                                          │ 
 [38;5;240m   │[0m                                                          ╰─ 
[38;5;246m────╯[0m
[39m
  Plugin: [35mvite:oxc[39m
  File: [36mC:/Users/user/Desktop/chulsoo-ya/Chulsoo-ya/client/src/features/catalog/HomePage.tsx[39m
      at transformWithOxc (file:///C:/Users/user/Desktop/chulsoo-ya/Chulsoo-ya/client/node_modules/vite/dist/node/chunks/node.js:4097:19)
      at TransformPluginContext.transform (file:///C:/Users/user/Desktop/chulsoo-ya/Chulsoo-ya/client/node_modules/vite/dist/node/chunks/node.js:4168:26)
      at EnvironmentPluginContainer.transform (file:///C:/Users/user/Desktop/chulsoo-ya/Chulsoo-ya/client/node_modules/vite/dist/node/chunks/node.js:30851:51)
      at async loadAndTransform (file:///C:/Users/user/Desktop/chulsoo-ya/Chulsoo-ya/client/node_modules/vite/dist/node/chunks/node.js:20619:26)
      at async viteTransformMiddleware (file:///C:/Users/user/Desktop/chulsoo-ya/Chulsoo-ya/client/node_modules/vite/dist/node/chunks/node.js:25142:20)
[2mAM 12:05:56[22m [31m[1m[vite][22m[39m [31mInternal server error: Transform failed with 1 error:

[31m[PARSE_ERROR] [0mUnexpected token. Did you mean `{'>'}` or `&gt;`?
    [38;5;246m╭[0m[38;5;246m─[0m[38;5;246m[[0m src/features/catalog/HomePage.tsx:78:53 [38;5;246m][0m
    [38;5;246m│[0m
 [38;5;246m78 │[0m [38;5;249m [0m[38;5;249m [0m[38;5;249m [0m[38;5;249m [0m[38;5;249m [0m[38;5;249m [0m[38;5;249m [0m[38;5;249m [0m[38;5;249m [0m[38;5;249m [0m[38;5;249m [0m[38;5;249m [0m[38;5;249m?[0m[38;5;249m꾩[0m[38;5;249m껜[0m[38;5;249m [0m[38;5;249m蹂[0m[38;5;249m닿[0m[38;5;249m린[0m[38;5;249m [0m[38;5;249m<[0m[38;5;249ms[0m[38;5;249mp[0m[38;5;249ma[0m[38;5;249mn[0m[38;5;249m [0m[38;5;249ma[0m[38;5;249mr[0m[38;5;249mi[0m[38;5;249ma[0m[38;5;249m-[0m[38;5;249mh[0m[38;5;249mi[0m[38;5;249md[0m[38;5;249md[0m[38;5;249me[0m[38;5;249mn[0m[38;5;249m=[0m[38;5;249m"[0m[38;5;249mt[0m[38;5;249mr[0m[38;5;249mu[0m[38;5;249me[0m[38;5;249m"[0m[38;5;249m>[0m[38;5;249m?[0m[38;5;249m?[0m[38;5;249m/[0m[38;5;249ms[0m[38;5;249mp[0m[38;5;249ma[0m[38;5;249mn[0m[38;5;249m>[0m
 [38;5;240m   │[0m                                                          │ 
 [38;5;240m   │[0m                                                          ╰─ 
[38;5;246m────╯[0m
[39m
  Plugin: [35mvite:oxc[39m
  File: [36mC:/Users/user/Desktop/chulsoo-ya/Chulsoo-ya/client/src/features/catalog/HomePage.tsx[39m
      at transformWithOxc (file:///C:/Users/user/Desktop/chulsoo-ya/Chulsoo-ya/client/node_modules/vite/dist/node/chunks/node.js:4097:19)
      at TransformPluginContext.transform (file:///C:/Users/user/Desktop/chulsoo-ya/Chulsoo-ya/client/node_modules/vite/dist/node/chunks/node.js:4168:26)
      at EnvironmentPluginContainer.transform (file:///C:/Users/user/Desktop/chulsoo-ya/Chulsoo-ya/client/node_modules/vite/dist/node/chunks/node.js:30851:51)
      at async loadAndTransform (file:///C:/Users/user/Desktop/chulsoo-ya/Chulsoo-ya/client/node_modules/vite/dist/node/chunks/node.js:20619:26)
      at async viteTransformMiddleware (file:///C:/Users/user/Desktop/chulsoo-ya/Chulsoo-ya/client/node_modules/vite/dist/node/chunks/node.js:25142:20)
[2mAM 12:05:59[22m [31m[1m[vite][22m[39m [31mInternal server error: Transform failed with 1 error:

[31m[PARSE_ERROR] [0mUnexpected token. Did you mean `{'>'}` or `&gt;`?
    [38;5;246m╭[0m[38;5;246m─[0m[38;5;246m[[0m src/features/catalog/HomePage.tsx:78:53 [38;5;246m][0m
    [38;5;246m│[0m
 [38;5;246m78 │[0m [38;5;249m [0m[38;5;249m [0m[38;5;249m [0m[38;5;249m [0m[38;5;249m [0m[38;5;249m [0m[38;5;249m [0m[38;5;249m [0m[38;5;249m [0m[38;5;249m [0m[38;5;249m [0m[38;5;249m [0m[38;5;249m?[0m[38;5;249m꾩[0m[38;5;249m껜[0m[38;5;249m [0m[38;5;249m蹂[0m[38;5;249m닿[0m[38;5;249m린[0m[38;5;249m [0m[38;5;249m<[0m[38;5;249ms[0m[38;5;249mp[0m[38;5;249ma[0m[38;5;249mn[0m[38;5;249m [0m[38;5;249ma[0m[38;5;249mr[0m[38;5;249mi[0m[38;5;249ma[0m[38;5;249m-[0m[38;5;249mh[0m[38;5;249mi[0m[38;5;249md[0m[38;5;249md[0m[38;5;249me[0m[38;5;249mn[0m[38;5;249m=[0m[38;5;249m"[0m[38;5;249mt[0m[38;5;249mr[0m[38;5;249mu[0m[38;5;249me[0m[38;5;249m"[0m[38;5;249m>[0m[38;5;249m?[0m[38;5;249m?[0m[38;5;249m/[0m[38;5;249ms[0m[38;5;249mp[0m[38;5;249ma[0m[38;5;249mn[0m[38;5;249m>[0m
 [38;5;240m   │[0m                                                          │ 
 [38;5;240m   │[0m                                                          ╰─ 
[38;5;246m────╯[0m
[39m
  Plugin: [35mvite:oxc[39m
  File: [36mC:/Users/user/Desktop/chulsoo-ya/Chulsoo-ya/client/src/features/catalog/HomePage.tsx[39m
      at transformWithOxc (file:///C:/Users/user/Desktop/chulsoo-ya/Chulsoo-ya/client/node_modules/vite/dist/node/chunks/node.js:4097:19)
      at TransformPluginContext.transform (file:///C:/Users/user/Desktop/chulsoo-ya/Chulsoo-ya/client/node_modules/vite/dist/node/chunks/node.js:4168:26)
      at EnvironmentPluginContainer.transform (file:///C:/Users/user/Desktop/chulsoo-ya/Chulsoo-ya/client/node_modules/vite/dist/node/chunks/node.js:30851:51)
      at async loadAndTransform (file:///C:/Users/user/Desktop/chulsoo-ya/Chulsoo-ya/client/node_modules/vite/dist/node/chunks/node.js:20619:26)
      at async viteTransformMiddleware (file:///C:/Users/user/Desktop/chulsoo-ya/Chulsoo-ya/client/node_modules/vite/dist/node/chunks/node.js:25142:20)
[2mAM 12:06:11[22m [31m[1m[vite][22m[39m [31mInternal server error: Transform failed with 1 error:

[31m[PARSE_ERROR] [0mUnexpected token. Did you mean `{'>'}` or `&gt;`?
    [38;5;246m╭[0m[38;5;246m─[0m[38;5;246m[[0m src/features/catalog/HomePage.tsx:78:53 [38;5;246m][0m
    [38;5;246m│[0m
 [38;5;246m78 │[0m [38;5;249m [0m[38;5;249m [0m[38;5;249m [0m[38;5;249m [0m[38;5;249m [0m[38;5;249m [0m[38;5;249m [0m[38;5;249m [0m[38;5;249m [0m[38;5;249m [0m[38;5;249m [0m[38;5;249m [0m[38;5;249m?[0m[38;5;249m꾩[0m[38;5;249m껜[0m[38;5;249m [0m[38;5;249m蹂[0m[38;5;249m닿[0m[38;5;249m린[0m[38;5;249m [0m[38;5;249m<[0m[38;5;249ms[0m[38;5;249mp[0m[38;5;249ma[0m[38;5;249mn[0m[38;5;249m [0m[38;5;249ma[0m[38;5;249mr[0m[38;5;249mi[0m[38;5;249ma[0m[38;5;249m-[0m[38;5;249mh[0m[38;5;249mi[0m[38;5;249md[0m[38;5;249md[0m[38;5;249me[0m[38;5;249mn[0m[38;5;249m=[0m[38;5;249m"[0m[38;5;249mt[0m[38;5;249mr[0m[38;5;249mu[0m[38;5;249me[0m[38;5;249m"[0m[38;5;249m>[0m[38;5;249m?[0m[38;5;249m?[0m[38;5;249m/[0m[38;5;249ms[0m[38;5;249mp[0m[38;5;249ma[0m[38;5;249mn[0m[38;5;249m>[0m
 [38;5;240m   │[0m                                                          │ 
 [38;5;240m   │[0m                                                          ╰─ 
[38;5;246m────╯[0m
[39m
  Plugin: [35mvite:oxc[39m
  File: [36mC:/Users/user/Desktop/chulsoo-ya/Chulsoo-ya/client/src/features/catalog/HomePage.tsx[39m
      at transformWithOxc (file:///C:/Users/user/Desktop/chulsoo-ya/Chulsoo-ya/client/node_modules/vite/dist/node/chunks/node.js:4097:19)
      at TransformPluginContext.transform (file:///C:/Users/user/Desktop/chulsoo-ya/Chulsoo-ya/client/node_modules/vite/dist/node/chunks/node.js:4168:26)
      at EnvironmentPluginContainer.transform (file:///C:/Users/user/Desktop/chulsoo-ya/Chulsoo-ya/client/node_modules/vite/dist/node/chunks/node.js:30851:51)
      at async loadAndTransform (file:///C:/Users/user/Desktop/chulsoo-ya/Chulsoo-ya/client/node_modules/vite/dist/node/chunks/node.js:20619:26)
      at async viteTransformMiddleware (file:///C:/Users/user/Desktop/chulsoo-ya/Chulsoo-ya/client/node_modules/vite/dist/node/chunks/node.js:25142:20)
[2mAM 12:06:14[22m [31m[1m[vite][22m[39m [31mInternal server error: Transform failed with 1 error:

[31m[PARSE_ERROR] [0mUnexpected token. Did you mean `{'>'}` or `&gt;`?
    [38;5;246m╭[0m[38;5;246m─[0m[38;5;246m[[0m src/features/catalog/HomePage.tsx:78:53 [38;5;246m][0m
    [38;5;246m│[0m
 [38;5;246m78 │[0m [38;5;249m [0m[38;5;249m [0m[38;5;249m [0m[38;5;249m [0m[38;5;249m [0m[38;5;249m [0m[38;5;249m [0m[38;5;249m [0m[38;5;249m [0m[38;5;249m [0m[38;5;249m [0m[38;5;249m [0m[38;5;249m?[0m[38;5;249m꾩[0m[38;5;249m껜[0m[38;5;249m [0m[38;5;249m蹂[0m[38;5;249m닿[0m[38;5;249m린[0m[38;5;249m [0m[38;5;249m<[0m[38;5;249ms[0m[38;5;249mp[0m[38;5;249ma[0m[38;5;249mn[0m[38;5;249m [0m[38;5;249ma[0m[38;5;249mr[0m[38;5;249mi[0m[38;5;249ma[0m[38;5;249m-[0m[38;5;249mh[0m[38;5;249mi[0m[38;5;249md[0m[38;5;249md[0m[38;5;249me[0m[38;5;249mn[0m[38;5;249m=[0m[38;5;249m"[0m[38;5;249mt[0m[38;5;249mr[0m[38;5;249mu[0m[38;5;249me[0m[38;5;249m"[0m[38;5;249m>[0m[38;5;249m?[0m[38;5;249m?[0m[38;5;249m/[0m[38;5;249ms[0m[38;5;249mp[0m[38;5;249ma[0m[38;5;249mn[0m[38;5;249m>[0m
 [38;5;240m   │[0m                                                          │ 
 [38;5;240m   │[0m                                                          ╰─ 
[38;5;246m────╯[0m
[39m
  Plugin: [35mvite:oxc[39m
  File: [36mC:/Users/user/Desktop/chulsoo-ya/Chulsoo-ya/client/src/features/catalog/HomePage.tsx[39m
      at transformWithOxc (file:///C:/Users/user/Desktop/chulsoo-ya/Chulsoo-ya/client/node_modules/vite/dist/node/chunks/node.js:4097:19)
      at TransformPluginContext.transform (file:///C:/Users/user/Desktop/chulsoo-ya/Chulsoo-ya/client/node_modules/vite/dist/node/chunks/node.js:4168:26)
      at EnvironmentPluginContainer.transform (file:///C:/Users/user/Desktop/chulsoo-ya/Chulsoo-ya/client/node_modules/vite/dist/node/chunks/node.js:30851:51)
      at async loadAndTransform (file:///C:/Users/user/Desktop/chulsoo-ya/Chulsoo-ya/client/node_modules/vite/dist/node/chunks/node.js:20619:26)
      at async viteTransformMiddleware (file:///C:/Users/user/Desktop/chulsoo-ya/Chulsoo-ya/client/node_modules/vite/dist/node/chunks/node.js:25142:20)
[2mAM 12:06:26[22m [31m[1m[vite][22m[39m [31mInternal server error: Transform failed with 1 error:

[31m[PARSE_ERROR] [0mUnexpected token. Did you mean `{'>'}` or `&gt;`?
    [38;5;246m╭[0m[38;5;246m─[0m[38;5;246m[[0m src/features/catalog/HomePage.tsx:78:53 [38;5;246m][0m
    [38;5;246m│[0m
 [38;5;246m78 │[0m [38;5;249m [0m[38;5;249m [0m[38;5;249m [0m[38;5;249m [0m[38;5;249m [0m[38;5;249m [0m[38;5;249m [0m[38;5;249m [0m[38;5;249m [0m[38;5;249m [0m[38;5;249m [0m[38;5;249m [0m[38;5;249m?[0m[38;5;249m꾩[0m[38;5;249m껜[0m[38;5;249m [0m[38;5;249m蹂[0m[38;5;249m닿[0m[38;5;249m린[0m[38;5;249m [0m[38;5;249m<[0m[38;5;249ms[0m[38;5;249mp[0m[38;5;249ma[0m[38;5;249mn[0m[38;5;249m [0m[38;5;249ma[0m[38;5;249mr[0m[38;5;249mi[0m[38;5;249ma[0m[38;5;249m-[0m[38;5;249mh[0m[38;5;249mi[0m[38;5;249md[0m[38;5;249md[0m[38;5;249me[0m[38;5;249mn[0m[38;5;249m=[0m[38;5;249m"[0m[38;5;249mt[0m[38;5;249mr[0m[38;5;249mu[0m[38;5;249me[0m[38;5;249m"[0m[38;5;249m>[0m[38;5;249m?[0m[38;5;249m?[0m[38;5;249m/[0m[38;5;249ms[0m[38;5;249mp[0m[38;5;249ma[0m[38;5;249mn[0m[38;5;249m>[0m
 [38;5;240m   │[0m                                                          │ 
 [38;5;240m   │[0m                                                          ╰─ 
[38;5;246m────╯[0m
[39m
  Plugin: [35mvite:oxc[39m
  File: [36mC:/Users/user/Desktop/chulsoo-ya/Chulsoo-ya/client/src/features/catalog/HomePage.tsx[39m
      at transformWithOxc (file:///C:/Users/user/Desktop/chulsoo-ya/Chulsoo-ya/client/node_modules/vite/dist/node/chunks/node.js:4097:19)
      at TransformPluginContext.transform (file:///C:/Users/user/Desktop/chulsoo-ya/Chulsoo-ya/client/node_modules/vite/dist/node/chunks/node.js:4168:26)
      at EnvironmentPluginContainer.transform (file:///C:/Users/user/Desktop/chulsoo-ya/Chulsoo-ya/client/node_modules/vite/dist/node/chunks/node.js:30851:51)
      at async loadAndTransform (file:///C:/Users/user/Desktop/chulsoo-ya/Chulsoo-ya/client/node_modules/vite/dist/node/chunks/node.js:20619:26)
      at async viteTransformMiddleware (file:///C:/Users/user/Desktop/chulsoo-ya/Chulsoo-ya/client/node_modules/vite/dist/node/chunks/node.js:25142:20)
[2mAM 12:06:29[22m [31m[1m[vite][22m[39m [31mInternal server error: Transform failed with 1 error:

[31m[PARSE_ERROR] [0mUnexpected token. Did you mean `{'>'}` or `&gt;`?
    [38;5;246m╭[0m[38;5;246m─[0m[38;5;246m[[0m src/features/catalog/HomePage.tsx:78:53 [38;5;246m][0m
    [38;5;246m│[0m
 [38;5;246m78 │[0m [38;5;249m [0m[38;5;249m [0m[38;5;249m [0m[38;5;249m [0m[38;5;249m [0m[38;5;249m [0m[38;5;249m [0m[38;5;249m [0m[38;5;249m [0m[38;5;249m [0m[38;5;249m [0m[38;5;249m [0m[38;5;249m?[0m[38;5;249m꾩[0m[38;5;249m껜[0m[38;5;249m [0m[38;5;249m蹂[0m[38;5;249m닿[0m[38;5;249m린[0m[38;5;249m [0m[38;5;249m<[0m[38;5;249ms[0m[38;5;249mp[0m[38;5;249ma[0m[38;5;249mn[0m[38;5;249m [0m[38;5;249ma[0m[38;5;249mr[0m[38;5;249mi[0m[38;5;249ma[0m[38;5;249m-[0m[38;5;249mh[0m[38;5;249mi[0m[38;5;249md[0m[38;5;249md[0m[38;5;249me[0m[38;5;249mn[0m[38;5;249m=[0m[38;5;249m"[0m[38;5;249mt[0m[38;5;249mr[0m[38;5;249mu[0m[38;5;249me[0m[38;5;249m"[0m[38;5;249m>[0m[38;5;249m?[0m[38;5;249m?[0m[38;5;249m/[0m[38;5;249ms[0m[38;5;249mp[0m[38;5;249ma[0m[38;5;249mn[0m[38;5;249m>[0m
 [38;5;240m   │[0m                                                          │ 
 [38;5;240m   │[0m                                                          ╰─ 
[38;5;246m────╯[0m
[39m
  Plugin: [35mvite:oxc[39m
  File: [36mC:/Users/user/Desktop/chulsoo-ya/Chulsoo-ya/client/src/features/catalog/HomePage.tsx[39m
      at transformWithOxc (file:///C:/Users/user/Desktop/chulsoo-ya/Chulsoo-ya/client/node_modules/vite/dist/node/chunks/node.js:4097:19)
      at TransformPluginContext.transform (file:///C:/Users/user/Desktop/chulsoo-ya/Chulsoo-ya/client/node_modules/vite/dist/node/chunks/node.js:4168:26)
      at EnvironmentPluginContainer.transform (file:///C:/Users/user/Desktop/chulsoo-ya/Chulsoo-ya/client/node_modules/vite/dist/node/chunks/node.js:30851:51)
      at async loadAndTransform (file:///C:/Users/user/Desktop/chulsoo-ya/Chulsoo-ya/client/node_modules/vite/dist/node/chunks/node.js:20619:26)
      at async viteTransformMiddleware (file:///C:/Users/user/Desktop/chulsoo-ya/Chulsoo-ya/client/node_modules/vite/dist/node/chunks/node.js:25142:20)
[2mAM 12:06:41[22m [31m[1m[vite][22m[39m [31mInternal server error: Transform failed with 1 error:

[31m[PARSE_ERROR] [0mUnexpected token. Did you mean `{'>'}` or `&gt;`?
    [38;5;246m╭[0m[38;5;246m─[0m[38;5;246m[[0m src/features/catalog/HomePage.tsx:78:53 [38;5;246m][0m
    [38;5;246m│[0m
 [38;5;246m78 │[0m [38;5;249m [0m[38;5;249m [0m[38;5;249m [0m[38;5;249m [0m[38;5;249m [0m[38;5;249m [0m[38;5;249m [0m[38;5;249m [0m[38;5;249m [0m[38;5;249m [0m[38;5;249m [0m[38;5;249m [0m[38;5;249m?[0m[38;5;249m꾩[0m[38;5;249m껜[0m[38;5;249m [0m[38;5;249m蹂[0m[38;5;249m닿[0m[38;5;249m린[0m[38;5;249m [0m[38;5;249m<[0m[38;5;249ms[0m[38;5;249mp[0m[38;5;249ma[0m[38;5;249mn[0m[38;5;249m [0m[38;5;249ma[0m[38;5;249mr[0m[38;5;249mi[0m[38;5;249ma[0m[38;5;249m-[0m[38;5;249mh[0m[38;5;249mi[0m[38;5;249md[0m[38;5;249md[0m[38;5;249me[0m[38;5;249mn[0m[38;5;249m=[0m[38;5;249m"[0m[38;5;249mt[0m[38;5;249mr[0m[38;5;249mu[0m[38;5;249me[0m[38;5;249m"[0m[38;5;249m>[0m[38;5;249m?[0m[38;5;249m?[0m[38;5;249m/[0m[38;5;249ms[0m[38;5;249mp[0m[38;5;249ma[0m[38;5;249mn[0m[38;5;249m>[0m
 [38;5;240m   │[0m                                                          │ 
 [38;5;240m   │[0m                                                          ╰─ 
[38;5;246m────╯[0m
[39m
  Plugin: [35mvite:oxc[39m
  File: [36mC:/Users/user/Desktop/chulsoo-ya/Chulsoo-ya/client/src/features/catalog/HomePage.tsx[39m
      at transformWithOxc (file:///C:/Users/user/Desktop/chulsoo-ya/Chulsoo-ya/client/node_modules/vite/dist/node/chunks/node.js:4097:19)
      at TransformPluginContext.transform (file:///C:/Users/user/Desktop/chulsoo-ya/Chulsoo-ya/client/node_modules/vite/dist/node/chunks/node.js:4168:26)
      at EnvironmentPluginContainer.transform (file:///C:/Users/user/Desktop/chulsoo-ya/Chulsoo-ya/client/node_modules/vite/dist/node/chunks/node.js:30851:51)
      at async loadAndTransform (file:///C:/Users/user/Desktop/chulsoo-ya/Chulsoo-ya/client/node_modules/vite/dist/node/chunks/node.js:20619:26)
      at async viteTransformMiddleware (file:///C:/Users/user/Desktop/chulsoo-ya/Chulsoo-ya/client/node_modules/vite/dist/node/chunks/node.js:25142:20)
[2mAM 12:06:42[22m [31m[1m[vite][22m[39m [31mInternal server error: Transform failed with 1 error:

[31m[PARSE_ERROR] [0mUnexpected token. Did you mean `{'>'}` or `&gt;`?
    [38;5;246m╭[0m[38;5;246m─[0m[38;5;246m[[0m src/features/catalog/HomePage.tsx:78:53 [38;5;246m][0m
    [38;5;246m│[0m
 [38;5;246m78 │[0m [38;5;249m [0m[38;5;249m [0m[38;5;249m [0m[38;5;249m [0m[38;5;249m [0m[38;5;249m [0m[38;5;249m [0m[38;5;249m [0m[38;5;249m [0m[38;5;249m [0m[38;5;249m [0m[38;5;249m [0m[38;5;249m?[0m[38;5;249m꾩[0m[38;5;249m껜[0m[38;5;249m [0m[38;5;249m蹂[0m[38;5;249m닿[0m[38;5;249m린[0m[38;5;249m [0m[38;5;249m<[0m[38;5;249ms[0m[38;5;249mp[0m[38;5;249ma[0m[38;5;249mn[0m[38;5;249m [0m[38;5;249ma[0m[38;5;249mr[0m[38;5;249mi[0m[38;5;249ma[0m[38;5;249m-[0m[38;5;249mh[0m[38;5;249mi[0m[38;5;249md[0m[38;5;249md[0m[38;5;249me[0m[38;5;249mn[0m[38;5;249m=[0m[38;5;249m"[0m[38;5;249mt[0m[38;5;249mr[0m[38;5;249mu[0m[38;5;249me[0m[38;5;249m"[0m[38;5;249m>[0m[38;5;249m?[0m[38;5;249m?[0m[38;5;249m/[0m[38;5;249ms[0m[38;5;249mp[0m[38;5;249ma[0m[38;5;249mn[0m[38;5;249m>[0m
 [38;5;240m   │[0m                                                          │ 
 [38;5;240m   │[0m                                                          ╰─ 
[38;5;246m────╯[0m
[39m
  Plugin: [35mvite:oxc[39m
  File: [36mC:/Users/user/Desktop/chulsoo-ya/Chulsoo-ya/client/src/features/catalog/HomePage.tsx[39m
      at transformWithOxc (file:///C:/Users/user/Desktop/chulsoo-ya/Chulsoo-ya/client/node_modules/vite/dist/node/chunks/node.js:4097:19)
      at TransformPluginContext.transform (file:///C:/Users/user/Desktop/chulsoo-ya/Chulsoo-ya/client/node_modules/vite/dist/node/chunks/node.js:4168:26)
      at EnvironmentPluginContainer.transform (file:///C:/Users/user/Desktop/chulsoo-ya/Chulsoo-ya/client/node_modules/vite/dist/node/chunks/node.js:30851:51)
      at async loadAndTransform (file:///C:/Users/user/Desktop/chulsoo-ya/Chulsoo-ya/client/node_modules/vite/dist/node/chunks/node.js:20619:26)
      at async viteTransformMiddleware (file:///C:/Users/user/Desktop/chulsoo-ya/Chulsoo-ya/client/node_modules/vite/dist/node/chunks/node.js:25142:20)
[2mAM 12:06:56[22m [31m[1m[vite][22m[39m [31mInternal server error: Transform failed with 1 error:

[31m[PARSE_ERROR] [0mUnexpected token. Did you mean `{'>'}` or `&gt;`?
    [38;5;246m╭[0m[38;5;246m─[0m[38;5;246m[[0m src/features/catalog/HomePage.tsx:78:53 [38;5;246m][0m
    [38;5;246m│[0m
 [38;5;246m78 │[0m [38;5;249m [0m[38;5;249m [0m[38;5;249m [0m[38;5;249m [0m[38;5;249m [0m[38;5;249m [0m[38;5;249m [0m[38;5;249m [0m[38;5;249m [0m[38;5;249m [0m[38;5;249m [0m[38;5;249m [0m[38;5;249m?[0m[38;5;249m꾩[0m[38;5;249m껜[0m[38;5;249m [0m[38;5;249m蹂[0m[38;5;249m닿[0m[38;5;249m린[0m[38;5;249m [0m[38;5;249m<[0m[38;5;249ms[0m[38;5;249mp[0m[38;5;249ma[0m[38;5;249mn[0m[38;5;249m [0m[38;5;249ma[0m[38;5;249mr[0m[38;5;249mi[0m[38;5;249ma[0m[38;5;249m-[0m[38;5;249mh[0m[38;5;249mi[0m[38;5;249md[0m[38;5;249md[0m[38;5;249me[0m[38;5;249mn[0m[38;5;249m=[0m[38;5;249m"[0m[38;5;249mt[0m[38;5;249mr[0m[38;5;249mu[0m[38;5;249me[0m[38;5;249m"[0m[38;5;249m>[0m[38;5;249m?[0m[38;5;249m?[0m[38;5;249m/[0m[38;5;249ms[0m[38;5;249mp[0m[38;5;249ma[0m[38;5;249mn[0m[38;5;249m>[0m
 [38;5;240m   │[0m                                                          │ 
 [38;5;240m   │[0m                                                          ╰─ 
[38;5;246m────╯[0m
[39m
  Plugin: [35mvite:oxc[39m
  File: [36mC:/Users/user/Desktop/chulsoo-ya/Chulsoo-ya/client/src/features/catalog/HomePage.tsx[39m
      at transformWithOxc (file:///C:/Users/user/Desktop/chulsoo-ya/Chulsoo-ya/client/node_modules/vite/dist/node/chunks/node.js:4097:19)
      at TransformPluginContext.transform (file:///C:/Users/user/Desktop/chulsoo-ya/Chulsoo-ya/client/node_modules/vite/dist/node/chunks/node.js:4168:26)
      at EnvironmentPluginContainer.transform (file:///C:/Users/user/Desktop/chulsoo-ya/Chulsoo-ya/client/node_modules/vite/dist/node/chunks/node.js:30851:51)
      at async loadAndTransform (file:///C:/Users/user/Desktop/chulsoo-ya/Chulsoo-ya/client/node_modules/vite/dist/node/chunks/node.js:20619:26)
      at async viteTransformMiddleware (file:///C:/Users/user/Desktop/chulsoo-ya/Chulsoo-ya/client/node_modules/vite/dist/node/chunks/node.js:25142:20)
[2mAM 12:06:59[22m [31m[1m[vite][22m[39m [31mInternal server error: Transform failed with 1 error:

[31m[PARSE_ERROR] [0mUnexpected token. Did you mean `{'>'}` or `&gt;`?
    [38;5;246m╭[0m[38;5;246m─[0m[38;5;246m[[0m src/features/catalog/HomePage.tsx:78:53 [38;5;246m][0m
    [38;5;246m│[0m
 [38;5;246m78 │[0m [38;5;249m [0m[38;5;249m [0m[38;5;249m [0m[38;5;249m [0m[38;5;249m [0m[38;5;249m [0m[38;5;249m [0m[38;5;249m [0m[38;5;249m [0m[38;5;249m [0m[38;5;249m [0m[38;5;249m [0m[38;5;249m?[0m[38;5;249m꾩[0m[38;5;249m껜[0m[38;5;249m [0m[38;5;249m蹂[0m[38;5;249m닿[0m[38;5;249m린[0m[38;5;249m [0m[38;5;249m<[0m[38;5;249ms[0m[38;5;249mp[0m[38;5;249ma[0m[38;5;249mn[0m[38;5;249m [0m[38;5;249ma[0m[38;5;249mr[0m[38;5;249mi[0m[38;5;249ma[0m[38;5;249m-[0m[38;5;249mh[0m[38;5;249mi[0m[38;5;249md[0m[38;5;249md[0m[38;5;249me[0m[38;5;249mn[0m[38;5;249m=[0m[38;5;249m"[0m[38;5;249mt[0m[38;5;249mr[0m[38;5;249mu[0m[38;5;249me[0m[38;5;249m"[0m[38;5;249m>[0m[38;5;249m?[0m[38;5;249m?[0m[38;5;249m/[0m[38;5;249ms[0m[38;5;249mp[0m[38;5;249ma[0m[38;5;249mn[0m[38;5;249m>[0m
 [38;5;240m   │[0m                                                          │ 
 [38;5;240m   │[0m                                                          ╰─ 
[38;5;246m────╯[0m
[39m
  Plugin: [35mvite:oxc[39m
  File: [36mC:/Users/user/Desktop/chulsoo-ya/Chulsoo-ya/client/src/features/catalog/HomePage.tsx[39m
      at transformWithOxc (file:///C:/Users/user/Desktop/chulsoo-ya/Chulsoo-ya/client/node_modules/vite/dist/node/chunks/node.js:4097:19)
      at TransformPluginContext.transform (file:///C:/Users/user/Desktop/chulsoo-ya/Chulsoo-ya/client/node_modules/vite/dist/node/chunks/node.js:4168:26)
      at EnvironmentPluginContainer.transform (file:///C:/Users/user/Desktop/chulsoo-ya/Chulsoo-ya/client/node_modules/vite/dist/node/chunks/node.js:30851:51)
      at async loadAndTransform (file:///C:/Users/user/Desktop/chulsoo-ya/Chulsoo-ya/client/node_modules/vite/dist/node/chunks/node.js:20619:26)
      at async viteTransformMiddleware (file:///C:/Users/user/Desktop/chulsoo-ya/Chulsoo-ya/client/node_modules/vite/dist/node/chunks/node.js:25142:20)
[2mAM 12:07:11[22m [31m[1m[vite][22m[39m [31mInternal server error: Transform failed with 1 error:

[31m[PARSE_ERROR] [0mUnexpected token. Did you mean `{'>'}` or `&gt;`?
    [38;5;246m╭[0m[38;5;246m─[0m[38;5;246m[[0m src/features/catalog/HomePage.tsx:78:53 [38;5;246m][0m
    [38;5;246m│[0m
 [38;5;246m78 │[0m [38;5;249m [0m[38;5;249m [0m[38;5;249m [0m[38;5;249m [0m[38;5;249m [0m[38;5;249m [0m[38;5;249m [0m[38;5;249m [0m[38;5;249m [0m[38;5;249m [0m[38;5;249m [0m[38;5;249m [0m[38;5;249m?[0m[38;5;249m꾩[0m[38;5;249m껜[0m[38;5;249m [0m[38;5;249m蹂[0m[38;5;249m닿[0m[38;5;249m린[0m[38;5;249m [0m[38;5;249m<[0m[38;5;249ms[0m[38;5;249mp[0m[38;5;249ma[0m[38;5;249mn[0m[38;5;249m [0m[38;5;249ma[0m[38;5;249mr[0m[38;5;249mi[0m[38;5;249ma[0m[38;5;249m-[0m[38;5;249mh[0m[38;5;249mi[0m[38;5;249md[0m[38;5;249md[0m[38;5;249me[0m[38;5;249mn[0m[38;5;249m=[0m[38;5;249m"[0m[38;5;249mt[0m[38;5;249mr[0m[38;5;249mu[0m[38;5;249me[0m[38;5;249m"[0m[38;5;249m>[0m[38;5;249m?[0m[38;5;249m?[0m[38;5;249m/[0m[38;5;249ms[0m[38;5;249mp[0m[38;5;249ma[0m[38;5;249mn[0m[38;5;249m>[0m
 [38;5;240m   │[0m                                                          │ 
 [38;5;240m   │[0m                                                          ╰─ 
[38;5;246m────╯[0m
[39m
  Plugin: [35mvite:oxc[39m
  File: [36mC:/Users/user/Desktop/chulsoo-ya/Chulsoo-ya/client/src/features/catalog/HomePage.tsx[39m
      at transformWithOxc (file:///C:/Users/user/Desktop/chulsoo-ya/Chulsoo-ya/client/node_modules/vite/dist/node/chunks/node.js:4097:19)
      at TransformPluginContext.transform (file:///C:/Users/user/Desktop/chulsoo-ya/Chulsoo-ya/client/node_modules/vite/dist/node/chunks/node.js:4168:26)
      at EnvironmentPluginContainer.transform (file:///C:/Users/user/Desktop/chulsoo-ya/Chulsoo-ya/client/node_modules/vite/dist/node/chunks/node.js:30851:51)
      at async loadAndTransform (file:///C:/Users/user/Desktop/chulsoo-ya/Chulsoo-ya/client/node_modules/vite/dist/node/chunks/node.js:20619:26)
      at async viteTransformMiddleware (file:///C:/Users/user/Desktop/chulsoo-ya/Chulsoo-ya/client/node_modules/vite/dist/node/chunks/node.js:25142:20)
[2mAM 12:07:14[22m [31m[1m[vite][22m[39m [31mInternal server error: Transform failed with 1 error:

[31m[PARSE_ERROR] [0mUnexpected token. Did you mean `{'>'}` or `&gt;`?
    [38;5;246m╭[0m[38;5;246m─[0m[38;5;246m[[0m src/features/catalog/HomePage.tsx:78:53 [38;5;246m][0m
    [38;5;246m│[0m
 [38;5;246m78 │[0m [38;5;249m [0m[38;5;249m [0m[38;5;249m [0m[38;5;249m [0m[38;5;249m [0m[38;5;249m [0m[38;5;249m [0m[38;5;249m [0m[38;5;249m [0m[38;5;249m [0m[38;5;249m [0m[38;5;249m [0m[38;5;249m?[0m[38;5;249m꾩[0m[38;5;249m껜[0m[38;5;249m [0m[38;5;249m蹂[0m[38;5;249m닿[0m[38;5;249m린[0m[38;5;249m [0m[38;5;249m<[0m[38;5;249ms[0m[38;5;249mp[0m[38;5;249ma[0m[38;5;249mn[0m[38;5;249m [0m[38;5;249ma[0m[38;5;249mr[0m[38;5;249mi[0m[38;5;249ma[0m[38;5;249m-[0m[38;5;249mh[0m[38;5;249mi[0m[38;5;249md[0m[38;5;249md[0m[38;5;249me[0m[38;5;249mn[0m[38;5;249m=[0m[38;5;249m"[0m[38;5;249mt[0m[38;5;249mr[0m[38;5;249mu[0m[38;5;249me[0m[38;5;249m"[0m[38;5;249m>[0m[38;5;249m?[0m[38;5;249m?[0m[38;5;249m/[0m[38;5;249ms[0m[38;5;249mp[0m[38;5;249ma[0m[38;5;249mn[0m[38;5;249m>[0m
 [38;5;240m   │[0m                                                          │ 
 [38;5;240m   │[0m                                                          ╰─ 
[38;5;246m────╯[0m
[39m
  Plugin: [35mvite:oxc[39m
  File: [36mC:/Users/user/Desktop/chulsoo-ya/Chulsoo-ya/client/src/features/catalog/HomePage.tsx[39m
      at transformWithOxc (file:///C:/Users/user/Desktop/chulsoo-ya/Chulsoo-ya/client/node_modules/vite/dist/node/chunks/node.js:4097:19)
      at TransformPluginContext.transform (file:///C:/Users/user/Desktop/chulsoo-ya/Chulsoo-ya/client/node_modules/vite/dist/node/chunks/node.js:4168:26)
      at EnvironmentPluginContainer.transform (file:///C:/Users/user/Desktop/chulsoo-ya/Chulsoo-ya/client/node_modules/vite/dist/node/chunks/node.js:30851:51)
      at async loadAndTransform (file:///C:/Users/user/Desktop/chulsoo-ya/Chulsoo-ya/client/node_modules/vite/dist/node/chunks/node.js:20619:26)
      at async viteTransformMiddleware (file:///C:/Users/user/Desktop/chulsoo-ya/Chulsoo-ya/client/node_modules/vite/dist/node/chunks/node.js:25142:20)
[2mAM 12:07:26[22m [31m[1m[vite][22m[39m [31mInternal server error: Transform failed with 1 error:

[31m[PARSE_ERROR] [0mUnexpected token. Did you mean `{'>'}` or `&gt;`?
    [38;5;246m╭[0m[38;5;246m─[0m[38;5;246m[[0m src/features/catalog/HomePage.tsx:78:53 [38;5;246m][0m
    [38;5;246m│[0m
 [38;5;246m78 │[0m [38;5;249m [0m[38;5;249m [0m[38;5;249m [0m[38;5;249m [0m[38;5;249m [0m[38;5;249m [0m[38;5;249m [0m[38;5;249m [0m[38;5;249m [0m[38;5;249m [0m[38;5;249m [0m[38;5;249m [0m[38;5;249m?[0m[38;5;249m꾩[0m[38;5;249m껜[0m[38;5;249m [0m[38;5;249m蹂[0m[38;5;249m닿[0m[38;5;249m린[0m[38;5;249m [0m[38;5;249m<[0m[38;5;249ms[0m[38;5;249mp[0m[38;5;249ma[0m[38;5;249mn[0m[38;5;249m [0m[38;5;249ma[0m[38;5;249mr[0m[38;5;249mi[0m[38;5;249ma[0m[38;5;249m-[0m[38;5;249mh[0m[38;5;249mi[0m[38;5;249md[0m[38;5;249md[0m[38;5;249me[0m[38;5;249mn[0m[38;5;249m=[0m[38;5;249m"[0m[38;5;249mt[0m[38;5;249mr[0m[38;5;249mu[0m[38;5;249me[0m[38;5;249m"[0m[38;5;249m>[0m[38;5;249m?[0m[38;5;249m?[0m[38;5;249m/[0m[38;5;249ms[0m[38;5;249mp[0m[38;5;249ma[0m[38;5;249mn[0m[38;5;249m>[0m
 [38;5;240m   │[0m                                                          │ 
 [38;5;240m   │[0m                                                          ╰─ 
[38;5;246m────╯[0m
[39m
  Plugin: [35mvite:oxc[39m
  File: [36mC:/Users/user/Desktop/chulsoo-ya/Chulsoo-ya/client/src/features/catalog/HomePage.tsx[39m
      at transformWithOxc (file:///C:/Users/user/Desktop/chulsoo-ya/Chulsoo-ya/client/node_modules/vite/dist/node/chunks/node.js:4097:19)
      at TransformPluginContext.transform (file:///C:/Users/user/Desktop/chulsoo-ya/Chulsoo-ya/client/node_modules/vite/dist/node/chunks/node.js:4168:26)
      at EnvironmentPluginContainer.transform (file:///C:/Users/user/Desktop/chulsoo-ya/Chulsoo-ya/client/node_modules/vite/dist/node/chunks/node.js:30851:51)
      at async loadAndTransform (file:///C:/Users/user/Desktop/chulsoo-ya/Chulsoo-ya/client/node_modules/vite/dist/node/chunks/node.js:20619:26)
      at async viteTransformMiddleware (file:///C:/Users/user/Desktop/chulsoo-ya/Chulsoo-ya/client/node_modules/vite/dist/node/chunks/node.js:25142:20)
[2mAM 12:07:29[22m [31m[1m[vite][22m[39m [31mInternal server error: Transform failed with 1 error:

[31m[PARSE_ERROR] [0mUnexpected token. Did you mean `{'>'}` or `&gt;`?
    [38;5;246m╭[0m[38;5;246m─[0m[38;5;246m[[0m src/features/catalog/HomePage.tsx:78:53 [38;5;246m][0m
    [38;5;246m│[0m
 [38;5;246m78 │[0m [38;5;249m [0m[38;5;249m [0m[38;5;249m [0m[38;5;249m [0m[38;5;249m [0m[38;5;249m [0m[38;5;249m [0m[38;5;249m [0m[38;5;249m [0m[38;5;249m [0m[38;5;249m [0m[38;5;249m [0m[38;5;249m?[0m[38;5;249m꾩[0m[38;5;249m껜[0m[38;5;249m [0m[38;5;249m蹂[0m[38;5;249m닿[0m[38;5;249m린[0m[38;5;249m [0m[38;5;249m<[0m[38;5;249ms[0m[38;5;249mp[0m[38;5;249ma[0m[38;5;249mn[0m[38;5;249m [0m[38;5;249ma[0m[38;5;249mr[0m[38;5;249mi[0m[38;5;249ma[0m[38;5;249m-[0m[38;5;249mh[0m[38;5;249mi[0m[38;5;249md[0m[38;5;249md[0m[38;5;249me[0m[38;5;249mn[0m[38;5;249m=[0m[38;5;249m"[0m[38;5;249mt[0m[38;5;249mr[0m[38;5;249mu[0m[38;5;249me[0m[38;5;249m"[0m[38;5;249m>[0m[38;5;249m?[0m[38;5;249m?[0m[38;5;249m/[0m[38;5;249ms[0m[38;5;249mp[0m[38;5;249ma[0m[38;5;249mn[0m[38;5;249m>[0m
 [38;5;240m   │[0m                                                          │ 
 [38;5;240m   │[0m                                                          ╰─ 
[38;5;246m────╯[0m
[39m
  Plugin: [35mvite:oxc[39m
  File: [36mC:/Users/user/Desktop/chulsoo-ya/Chulsoo-ya/client/src/features/catalog/HomePage.tsx[39m
      at transformWithOxc (file:///C:/Users/user/Desktop/chulsoo-ya/Chulsoo-ya/client/node_modules/vite/dist/node/chunks/node.js:4097:19)
      at TransformPluginContext.transform (file:///C:/Users/user/Desktop/chulsoo-ya/Chulsoo-ya/client/node_modules/vite/dist/node/chunks/node.js:4168:26)
      at EnvironmentPluginContainer.transform (file:///C:/Users/user/Desktop/chulsoo-ya/Chulsoo-ya/client/node_modules/vite/dist/node/chunks/node.js:30851:51)
      at async loadAndTransform (file:///C:/Users/user/Desktop/chulsoo-ya/Chulsoo-ya/client/node_modules/vite/dist/node/chunks/node.js:20619:26)
      at async viteTransformMiddleware (file:///C:/Users/user/Desktop/chulsoo-ya/Chulsoo-ya/client/node_modules/vite/dist/node/chunks/node.js:25142:20)
[2mAM 12:07:41[22m [31m[1m[vite][22m[39m [31mInternal server error: Transform failed with 1 error:

[31m[PARSE_ERROR] [0mUnexpected token. Did you mean `{'>'}` or `&gt;`?
    [38;5;246m╭[0m[38;5;246m─[0m[38;5;246m[[0m src/features/catalog/HomePage.tsx:78:53 [38;5;246m][0m
    [38;5;246m│[0m
 [38;5;246m78 │[0m [38;5;249m [0m[38;5;249m [0m[38;5;249m [0m[38;5;249m [0m[38;5;249m [0m[38;5;249m [0m[38;5;249m [0m[38;5;249m [0m[38;5;249m [0m[38;5;249m [0m[38;5;249m [0m[38;5;249m [0m[38;5;249m?[0m[38;5;249m꾩[0m[38;5;249m껜[0m[38;5;249m [0m[38;5;249m蹂[0m[38;5;249m닿[0m[38;5;249m린[0m[38;5;249m [0m[38;5;249m<[0m[38;5;249ms[0m[38;5;249mp[0m[38;5;249ma[0m[38;5;249mn[0m[38;5;249m [0m[38;5;249ma[0m[38;5;249mr[0m[38;5;249mi[0m[38;5;249ma[0m[38;5;249m-[0m[38;5;249mh[0m[38;5;249mi[0m[38;5;249md[0m[38;5;249md[0m[38;5;249me[0m[38;5;249mn[0m[38;5;249m=[0m[38;5;249m"[0m[38;5;249mt[0m[38;5;249mr[0m[38;5;249mu[0m[38;5;249me[0m[38;5;249m"[0m[38;5;249m>[0m[38;5;249m?[0m[38;5;249m?[0m[38;5;249m/[0m[38;5;249ms[0m[38;5;249mp[0m[38;5;249ma[0m[38;5;249mn[0m[38;5;249m>[0m
 [38;5;240m   │[0m                                                          │ 
 [38;5;240m   │[0m                                                          ╰─ 
[38;5;246m────╯[0m
[39m
  Plugin: [35mvite:oxc[39m
  File: [36mC:/Users/user/Desktop/chulsoo-ya/Chulsoo-ya/client/src/features/catalog/HomePage.tsx[39m
      at transformWithOxc (file:///C:/Users/user/Desktop/chulsoo-ya/Chulsoo-ya/client/node_modules/vite/dist/node/chunks/node.js:4097:19)
      at TransformPluginContext.transform (file:///C:/Users/user/Desktop/chulsoo-ya/Chulsoo-ya/client/node_modules/vite/dist/node/chunks/node.js:4168:26)
      at EnvironmentPluginContainer.transform (file:///C:/Users/user/Desktop/chulsoo-ya/Chulsoo-ya/client/node_modules/vite/dist/node/chunks/node.js:30851:51)
      at async loadAndTransform (file:///C:/Users/user/Desktop/chulsoo-ya/Chulsoo-ya/client/node_modules/vite/dist/node/chunks/node.js:20619:26)
      at async viteTransformMiddleware (file:///C:/Users/user/Desktop/chulsoo-ya/Chulsoo-ya/client/node_modules/vite/dist/node/chunks/node.js:25142:20)
[2mAM 12:07:42[22m [31m[1m[vite][22m[39m [31mInternal server error: Transform failed with 1 error:

[31m[PARSE_ERROR] [0mUnexpected token. Did you mean `{'>'}` or `&gt;`?
    [38;5;246m╭[0m[38;5;246m─[0m[38;5;246m[[0m src/features/catalog/HomePage.tsx:78:53 [38;5;246m][0m
    [38;5;246m│[0m
 [38;5;246m78 │[0m [38;5;249m [0m[38;5;249m [0m[38;5;249m [0m[38;5;249m [0m[38;5;249m [0m[38;5;249m [0m[38;5;249m [0m[38;5;249m [0m[38;5;249m [0m[38;5;249m [0m[38;5;249m [0m[38;5;249m [0m[38;5;249m?[0m[38;5;249m꾩[0m[38;5;249m껜[0m[38;5;249m [0m[38;5;249m蹂[0m[38;5;249m닿[0m[38;5;249m린[0m[38;5;249m [0m[38;5;249m<[0m[38;5;249ms[0m[38;5;249mp[0m[38;5;249ma[0m[38;5;249mn[0m[38;5;249m [0m[38;5;249ma[0m[38;5;249mr[0m[38;5;249mi[0m[38;5;249ma[0m[38;5;249m-[0m[38;5;249mh[0m[38;5;249mi[0m[38;5;249md[0m[38;5;249md[0m[38;5;249me[0m[38;5;249mn[0m[38;5;249m=[0m[38;5;249m"[0m[38;5;249mt[0m[38;5;249mr[0m[38;5;249mu[0m[38;5;249me[0m[38;5;249m"[0m[38;5;249m>[0m[38;5;249m?[0m[38;5;249m?[0m[38;5;249m/[0m[38;5;249ms[0m[38;5;249mp[0m[38;5;249ma[0m[38;5;249mn[0m[38;5;249m>[0m
 [38;5;240m   │[0m                                                          │ 
 [38;5;240m   │[0m                                                          ╰─ 
[38;5;246m────╯[0m
[39m
  Plugin: [35mvite:oxc[39m
  File: [36mC:/Users/user/Desktop/chulsoo-ya/Chulsoo-ya/client/src/features/catalog/HomePage.tsx[39m
      at transformWithOxc (file:///C:/Users/user/Desktop/chulsoo-ya/Chulsoo-ya/client/node_modules/vite/dist/node/chunks/node.js:4097:19)
      at TransformPluginContext.transform (file:///C:/Users/user/Desktop/chulsoo-ya/Chulsoo-ya/client/node_modules/vite/dist/node/chunks/node.js:4168:26)
      at EnvironmentPluginContainer.transform (file:///C:/Users/user/Desktop/chulsoo-ya/Chulsoo-ya/client/node_modules/vite/dist/node/chunks/node.js:30851:51)
      at async loadAndTransform (file:///C:/Users/user/Desktop/chulsoo-ya/Chulsoo-ya/client/node_modules/vite/dist/node/chunks/node.js:20619:26)
      at async viteTransformMiddleware (file:///C:/Users/user/Desktop/chulsoo-ya/Chulsoo-ya/client/node_modules/vite/dist/node/chunks/node.js:25142:20)
[2mAM 12:07:56[22m [31m[1m[vite][22m[39m [31mInternal server error: Transform failed with 1 error:

[31m[PARSE_ERROR] [0mUnexpected token. Did you mean `{'>'}` or `&gt;`?
    [38;5;246m╭[0m[38;5;246m─[0m[38;5;246m[[0m src/features/catalog/HomePage.tsx:78:53 [38;5;246m][0m
    [38;5;246m│[0m
 [38;5;246m78 │[0m [38;5;249m [0m[38;5;249m [0m[38;5;249m [0m[38;5;249m [0m[38;5;249m [0m[38;5;249m [0m[38;5;249m [0m[38;5;249m [0m[38;5;249m [0m[38;5;249m [0m[38;5;249m [0m[38;5;249m [0m[38;5;249m?[0m[38;5;249m꾩[0m[38;5;249m껜[0m[38;5;249m [0m[38;5;249m蹂[0m[38;5;249m닿[0m[38;5;249m린[0m[38;5;249m [0m[38;5;249m<[0m[38;5;249ms[0m[38;5;249mp[0m[38;5;249ma[0m[38;5;249mn[0m[38;5;249m [0m[38;5;249ma[0m[38;5;249mr[0m[38;5;249mi[0m[38;5;249ma[0m[38;5;249m-[0m[38;5;249mh[0m[38;5;249mi[0m[38;5;249md[0m[38;5;249md[0m[38;5;249me[0m[38;5;249mn[0m[38;5;249m=[0m[38;5;249m"[0m[38;5;249mt[0m[38;5;249mr[0m[38;5;249mu[0m[38;5;249me[0m[38;5;249m"[0m[38;5;249m>[0m[38;5;249m?[0m[38;5;249m?[0m[38;5;249m/[0m[38;5;249ms[0m[38;5;249mp[0m[38;5;249ma[0m[38;5;249mn[0m[38;5;249m>[0m
 [38;5;240m   │[0m                                                          │ 
 [38;5;240m   │[0m                                                          ╰─ 
[38;5;246m────╯[0m
[39m
  Plugin: [35mvite:oxc[39m
  File: [36mC:/Users/user/Desktop/chulsoo-ya/Chulsoo-ya/client/src/features/catalog/HomePage.tsx[39m
      at transformWithOxc (file:///C:/Users/user/Desktop/chulsoo-ya/Chulsoo-ya/client/node_modules/vite/dist/node/chunks/node.js:4097:19)
      at TransformPluginContext.transform (file:///C:/Users/user/Desktop/chulsoo-ya/Chulsoo-ya/client/node_modules/vite/dist/node/chunks/node.js:4168:26)
      at EnvironmentPluginContainer.transform (file:///C:/Users/user/Desktop/chulsoo-ya/Chulsoo-ya/client/node_modules/vite/dist/node/chunks/node.js:30851:51)
      at async loadAndTransform (file:///C:/Users/user/Desktop/chulsoo-ya/Chulsoo-ya/client/node_modules/vite/dist/node/chunks/node.js:20619:26)
      at async viteTransformMiddleware (file:///C:/Users/user/Desktop/chulsoo-ya/Chulsoo-ya/client/node_modules/vite/dist/node/chunks/node.js:25142:20)
[2mAM 12:07:59[22m [31m[1m[vite][22m[39m [31mInternal server error: Transform failed with 1 error:

[31m[PARSE_ERROR] [0mUnexpected token. Did you mean `{'>'}` or `&gt;`?
    [38;5;246m╭[0m[38;5;246m─[0m[38;5;246m[[0m src/features/catalog/HomePage.tsx:78:53 [38;5;246m][0m
    [38;5;246m│[0m
 [38;5;246m78 │[0m [38;5;249m [0m[38;5;249m [0m[38;5;249m [0m[38;5;249m [0m[38;5;249m [0m[38;5;249m [0m[38;5;249m [0m[38;5;249m [0m[38;5;249m [0m[38;5;249m [0m[38;5;249m [0m[38;5;249m [0m[38;5;249m?[0m[38;5;249m꾩[0m[38;5;249m껜[0m[38;5;249m [0m[38;5;249m蹂[0m[38;5;249m닿[0m[38;5;249m린[0m[38;5;249m [0m[38;5;249m<[0m[38;5;249ms[0m[38;5;249mp[0m[38;5;249ma[0m[38;5;249mn[0m[38;5;249m [0m[38;5;249ma[0m[38;5;249mr[0m[38;5;249mi[0m[38;5;249ma[0m[38;5;249m-[0m[38;5;249mh[0m[38;5;249mi[0m[38;5;249md[0m[38;5;249md[0m[38;5;249me[0m[38;5;249mn[0m[38;5;249m=[0m[38;5;249m"[0m[38;5;249mt[0m[38;5;249mr[0m[38;5;249mu[0m[38;5;249me[0m[38;5;249m"[0m[38;5;249m>[0m[38;5;249m?[0m[38;5;249m?[0m[38;5;249m/[0m[38;5;249ms[0m[38;5;249mp[0m[38;5;249ma[0m[38;5;249mn[0m[38;5;249m>[0m
 [38;5;240m   │[0m                                                          │ 
 [38;5;240m   │[0m                                                          ╰─ 
[38;5;246m────╯[0m
[39m
  Plugin: [35mvite:oxc[39m
  File: [36mC:/Users/user/Desktop/chulsoo-ya/Chulsoo-ya/client/src/features/catalog/HomePage.tsx[39m
      at transformWithOxc (file:///C:/Users/user/Desktop/chulsoo-ya/Chulsoo-ya/client/node_modules/vite/dist/node/chunks/node.js:4097:19)
      at TransformPluginContext.transform (file:///C:/Users/user/Desktop/chulsoo-ya/Chulsoo-ya/client/node_modules/vite/dist/node/chunks/node.js:4168:26)
      at EnvironmentPluginContainer.transform (file:///C:/Users/user/Desktop/chulsoo-ya/Chulsoo-ya/client/node_modules/vite/dist/node/chunks/node.js:30851:51)
      at async loadAndTransform (file:///C:/Users/user/Desktop/chulsoo-ya/Chulsoo-ya/client/node_modules/vite/dist/node/chunks/node.js:20619:26)
      at async viteTransformMiddleware (file:///C:/Users/user/Desktop/chulsoo-ya/Chulsoo-ya/client/node_modules/vite/dist/node/chunks/node.js:25142:20)
[2mAM 1:06:52[22m [31m[1m[vite][22m[39m [31mInternal server error: Transform failed with 1 error:

[31m[PARSE_ERROR] [0mExpected `:` but found `}`
 - `:` expected in src/components/shop/ShopHeader.tsx at 11657..11658
[39m
  Plugin: [35mvite:oxc[39m
  File: [36mC:/Users/user/Desktop/chulsoo-ya/Chulsoo-ya/client/src/components/shop/ShopHeader.tsx[39m
      at transformWithOxc (file:///C:/Users/user/Desktop/chulsoo-ya/Chulsoo-ya/client/node_modules/vite/dist/node/chunks/node.js:4097:19)
      at TransformPluginContext.transform (file:///C:/Users/user/Desktop/chulsoo-ya/Chulsoo-ya/client/node_modules/vite/dist/node/chunks/node.js:4168:26)
      at EnvironmentPluginContainer.transform (file:///C:/Users/user/Desktop/chulsoo-ya/Chulsoo-ya/client/node_modules/vite/dist/node/chunks/node.js:30851:51)
      at async loadAndTransform (file:///C:/Users/user/Desktop/chulsoo-ya/Chulsoo-ya/client/node_modules/vite/dist/node/chunks/node.js:20619:26)
      at async viteTransformMiddleware (file:///C:/Users/user/Desktop/chulsoo-ya/Chulsoo-ya/client/node_modules/vite/dist/node/chunks/node.js:25142:20)
[2mAM 1:06:52[22m [31m[1m[vite][22m[39m [31m[2m(client)[22m[39m Pre-transform error: Transform failed with 1 error:

[31m[PARSE_ERROR] [0mExpected `:` but found `}`
 - `:` expected in src/components/shop/ShopHeader.tsx at 11657..11658

  Plugin: [35mvite:oxc[39m
  File: [36mC:/Users/user/Desktop/chulsoo-ya/Chulsoo-ya/client/src/components/shop/ShopHeader.tsx[39m
[2mAM 1:06:52[22m [31m[1m[vite][22m[39m [31mInternal server error: Transform failed with 1 error:

[31m[PARSE_ERROR] [0mExpected `:` but found `}`
 - `:` expected in src/components/shop/ShopHeader.tsx at 11657..11658
[39m
  Plugin: [35mvite:oxc[39m
  File: [36mC:/Users/user/Desktop/chulsoo-ya/Chulsoo-ya/client/src/components/shop/ShopHeader.tsx[39m
      at transformWithOxc (file:///C:/Users/user/Desktop/chulsoo-ya/Chulsoo-ya/client/node_modules/vite/dist/node/chunks/node.js:4097:19)
      at TransformPluginContext.transform (file:///C:/Users/user/Desktop/chulsoo-ya/Chulsoo-ya/client/node_modules/vite/dist/node/chunks/node.js:4168:26)
      at EnvironmentPluginContainer.transform (file:///C:/Users/user/Desktop/chulsoo-ya/Chulsoo-ya/client/node_modules/vite/dist/node/chunks/node.js:30851:51)
      at async loadAndTransform (file:///C:/Users/user/Desktop/chulsoo-ya/Chulsoo-ya/client/node_modules/vite/dist/node/chunks/node.js:20619:26)
      at async viteTransformMiddleware (file:///C:/Users/user/Desktop/chulsoo-ya/Chulsoo-ya/client/node_modules/vite/dist/node/chunks/node.js:25142:20)
[2mAM 1:06:57[22m [31m[1m[vite][22m[39m [31mInternal server error: Transform failed with 1 error:

[31m[PARSE_ERROR] [0mExpected `:` but found `}`
 - `:` expected in src/components/shop/ShopHeader.tsx at 11657..11658
[39m
  Plugin: [35mvite:oxc[39m
  File: [36mC:/Users/user/Desktop/chulsoo-ya/Chulsoo-ya/client/src/components/shop/ShopHeader.tsx[39m
      at transformWithOxc (file:///C:/Users/user/Desktop/chulsoo-ya/Chulsoo-ya/client/node_modules/vite/dist/node/chunks/node.js:4097:19)
      at TransformPluginContext.transform (file:///C:/Users/user/Desktop/chulsoo-ya/Chulsoo-ya/client/node_modules/vite/dist/node/chunks/node.js:4168:26)
      at EnvironmentPluginContainer.transform (file:///C:/Users/user/Desktop/chulsoo-ya/Chulsoo-ya/client/node_modules/vite/dist/node/chunks/node.js:30851:51)
      at async loadAndTransform (file:///C:/Users/user/Desktop/chulsoo-ya/Chulsoo-ya/client/node_modules/vite/dist/node/chunks/node.js:20619:26)
      at async viteTransformMiddleware (file:///C:/Users/user/Desktop/chulsoo-ya/Chulsoo-ya/client/node_modules/vite/dist/node/chunks/node.js:25142:20)
[2mAM 1:07:00[22m [31m[1m[vite][22m[39m [31mInternal server error: Transform failed with 1 error:

[31m[PARSE_ERROR] [0mExpected `:` but found `}`
 - `:` expected in src/components/shop/ShopHeader.tsx at 11657..11658
[39m
  Plugin: [35mvite:oxc[39m
  File: [36mC:/Users/user/Desktop/chulsoo-ya/Chulsoo-ya/client/src/components/shop/ShopHeader.tsx[39m
      at transformWithOxc (file:///C:/Users/user/Desktop/chulsoo-ya/Chulsoo-ya/client/node_modules/vite/dist/node/chunks/node.js:4097:19)
      at TransformPluginContext.transform (file:///C:/Users/user/Desktop/chulsoo-ya/Chulsoo-ya/client/node_modules/vite/dist/node/chunks/node.js:4168:26)
      at EnvironmentPluginContainer.transform (file:///C:/Users/user/Desktop/chulsoo-ya/Chulsoo-ya/client/node_modules/vite/dist/node/chunks/node.js:30851:51)
      at async loadAndTransform (file:///C:/Users/user/Desktop/chulsoo-ya/Chulsoo-ya/client/node_modules/vite/dist/node/chunks/node.js:20619:26)
      at async viteTransformMiddleware (file:///C:/Users/user/Desktop/chulsoo-ya/Chulsoo-ya/client/node_modules/vite/dist/node/chunks/node.js:25142:20)
[2mAM 1:07:12[22m [31m[1m[vite][22m[39m [31mInternal server error: Transform failed with 1 error:

[31m[PARSE_ERROR] [0mExpected `:` but found `}`
 - `:` expected in src/components/shop/ShopHeader.tsx at 11657..11658
[39m
  Plugin: [35mvite:oxc[39m
  File: [36mC:/Users/user/Desktop/chulsoo-ya/Chulsoo-ya/client/src/components/shop/ShopHeader.tsx[39m
      at transformWithOxc (file:///C:/Users/user/Desktop/chulsoo-ya/Chulsoo-ya/client/node_modules/vite/dist/node/chunks/node.js:4097:19)
      at TransformPluginContext.transform (file:///C:/Users/user/Desktop/chulsoo-ya/Chulsoo-ya/client/node_modules/vite/dist/node/chunks/node.js:4168:26)
      at EnvironmentPluginContainer.transform (file:///C:/Users/user/Desktop/chulsoo-ya/Chulsoo-ya/client/node_modules/vite/dist/node/chunks/node.js:30851:51)
      at async loadAndTransform (file:///C:/Users/user/Desktop/chulsoo-ya/Chulsoo-ya/client/node_modules/vite/dist/node/chunks/node.js:20619:26)
      at async viteTransformMiddleware (file:///C:/Users/user/Desktop/chulsoo-ya/Chulsoo-ya/client/node_modules/vite/dist/node/chunks/node.js:25142:20)
[2mAM 1:07:15[22m [31m[1m[vite][22m[39m [31mInternal server error: Transform failed with 1 error:

[31m[PARSE_ERROR] [0mExpected `:` but found `}`
 - `:` expected in src/components/shop/ShopHeader.tsx at 11657..11658
[39m
  Plugin: [35mvite:oxc[39m
  File: [36mC:/Users/user/Desktop/chulsoo-ya/Chulsoo-ya/client/src/components/shop/ShopHeader.tsx[39m
      at transformWithOxc (file:///C:/Users/user/Desktop/chulsoo-ya/Chulsoo-ya/client/node_modules/vite/dist/node/chunks/node.js:4097:19)
      at TransformPluginContext.transform (file:///C:/Users/user/Desktop/chulsoo-ya/Chulsoo-ya/client/node_modules/vite/dist/node/chunks/node.js:4168:26)
      at EnvironmentPluginContainer.transform (file:///C:/Users/user/Desktop/chulsoo-ya/Chulsoo-ya/client/node_modules/vite/dist/node/chunks/node.js:30851:51)
      at async loadAndTransform (file:///C:/Users/user/Desktop/chulsoo-ya/Chulsoo-ya/client/node_modules/vite/dist/node/chunks/node.js:20619:26)
      at async viteTransformMiddleware (file:///C:/Users/user/Desktop/chulsoo-ya/Chulsoo-ya/client/node_modules/vite/dist/node/chunks/node.js:25142:20)
[2mAM 1:07:27[22m [31m[1m[vite][22m[39m [31mInternal server error: Transform failed with 1 error:

[31m[PARSE_ERROR] [0mExpected `:` but found `}`
 - `:` expected in src/components/shop/ShopHeader.tsx at 11657..11658
[39m
  Plugin: [35mvite:oxc[39m
  File: [36mC:/Users/user/Desktop/chulsoo-ya/Chulsoo-ya/client/src/components/shop/ShopHeader.tsx[39m
      at transformWithOxc (file:///C:/Users/user/Desktop/chulsoo-ya/Chulsoo-ya/client/node_modules/vite/dist/node/chunks/node.js:4097:19)
      at TransformPluginContext.transform (file:///C:/Users/user/Desktop/chulsoo-ya/Chulsoo-ya/client/node_modules/vite/dist/node/chunks/node.js:4168:26)
      at EnvironmentPluginContainer.transform (file:///C:/Users/user/Desktop/chulsoo-ya/Chulsoo-ya/client/node_modules/vite/dist/node/chunks/node.js:30851:51)
      at async loadAndTransform (file:///C:/Users/user/Desktop/chulsoo-ya/Chulsoo-ya/client/node_modules/vite/dist/node/chunks/node.js:20619:26)
      at async viteTransformMiddleware (file:///C:/Users/user/Desktop/chulsoo-ya/Chulsoo-ya/client/node_modules/vite/dist/node/chunks/node.js:25142:20)
[2mAM 1:07:30[22m [31m[1m[vite][22m[39m [31mInternal server error: Transform failed with 1 error:

[31m[PARSE_ERROR] [0mExpected `:` but found `}`
 - `:` expected in src/components/shop/ShopHeader.tsx at 11657..11658
[39m
  Plugin: [35mvite:oxc[39m
  File: [36mC:/Users/user/Desktop/chulsoo-ya/Chulsoo-ya/client/src/components/shop/ShopHeader.tsx[39m
      at transformWithOxc (file:///C:/Users/user/Desktop/chulsoo-ya/Chulsoo-ya/client/node_modules/vite/dist/node/chunks/node.js:4097:19)
      at TransformPluginContext.transform (file:///C:/Users/user/Desktop/chulsoo-ya/Chulsoo-ya/client/node_modules/vite/dist/node/chunks/node.js:4168:26)
      at EnvironmentPluginContainer.transform (file:///C:/Users/user/Desktop/chulsoo-ya/Chulsoo-ya/client/node_modules/vite/dist/node/chunks/node.js:30851:51)
      at async loadAndTransform (file:///C:/Users/user/Desktop/chulsoo-ya/Chulsoo-ya/client/node_modules/vite/dist/node/chunks/node.js:20619:26)
      at async viteTransformMiddleware (file:///C:/Users/user/Desktop/chulsoo-ya/Chulsoo-ya/client/node_modules/vite/dist/node/chunks/node.js:25142:20)
[2mAM 1:07:42[22m [31m[1m[vite][22m[39m [31mInternal server error: Transform failed with 1 error:

[31m[PARSE_ERROR] [0mExpected `:` but found `}`
 - `:` expected in src/components/shop/ShopHeader.tsx at 11657..11658
[39m
  Plugin: [35mvite:oxc[39m
  File: [36mC:/Users/user/Desktop/chulsoo-ya/Chulsoo-ya/client/src/components/shop/ShopHeader.tsx[39m
      at transformWithOxc (file:///C:/Users/user/Desktop/chulsoo-ya/Chulsoo-ya/client/node_modules/vite/dist/node/chunks/node.js:4097:19)
      at TransformPluginContext.transform (file:///C:/Users/user/Desktop/chulsoo-ya/Chulsoo-ya/client/node_modules/vite/dist/node/chunks/node.js:4168:26)
      at EnvironmentPluginContainer.transform (file:///C:/Users/user/Desktop/chulsoo-ya/Chulsoo-ya/client/node_modules/vite/dist/node/chunks/node.js:30851:51)
      at async loadAndTransform (file:///C:/Users/user/Desktop/chulsoo-ya/Chulsoo-ya/client/node_modules/vite/dist/node/chunks/node.js:20619:26)
      at async viteTransformMiddleware (file:///C:/Users/user/Desktop/chulsoo-ya/Chulsoo-ya/client/node_modules/vite/dist/node/chunks/node.js:25142:20)
[2mAM 1:07:43[22m [31m[1m[vite][22m[39m [31mInternal server error: Transform failed with 1 error:

[31m[PARSE_ERROR] [0mExpected `:` but found `}`
 - `:` expected in src/components/shop/ShopHeader.tsx at 11657..11658
[39m
  Plugin: [35mvite:oxc[39m
  File: [36mC:/Users/user/Desktop/chulsoo-ya/Chulsoo-ya/client/src/components/shop/ShopHeader.tsx[39m
      at transformWithOxc (file:///C:/Users/user/Desktop/chulsoo-ya/Chulsoo-ya/client/node_modules/vite/dist/node/chunks/node.js:4097:19)
      at TransformPluginContext.transform (file:///C:/Users/user/Desktop/chulsoo-ya/Chulsoo-ya/client/node_modules/vite/dist/node/chunks/node.js:4168:26)
      at EnvironmentPluginContainer.transform (file:///C:/Users/user/Desktop/chulsoo-ya/Chulsoo-ya/client/node_modules/vite/dist/node/chunks/node.js:30851:51)
      at async loadAndTransform (file:///C:/Users/user/Desktop/chulsoo-ya/Chulsoo-ya/client/node_modules/vite/dist/node/chunks/node.js:20619:26)
      at async viteTransformMiddleware (file:///C:/Users/user/Desktop/chulsoo-ya/Chulsoo-ya/client/node_modules/vite/dist/node/chunks/node.js:25142:20)
[2mAM 1:07:57[22m [31m[1m[vite][22m[39m [31mInternal server error: Transform failed with 1 error:

[31m[PARSE_ERROR] [0mExpected `:` but found `}`
 - `:` expected in src/components/shop/ShopHeader.tsx at 11657..11658
[39m
  Plugin: [35mvite:oxc[39m
  File: [36mC:/Users/user/Desktop/chulsoo-ya/Chulsoo-ya/client/src/components/shop/ShopHeader.tsx[39m
      at transformWithOxc (file:///C:/Users/user/Desktop/chulsoo-ya/Chulsoo-ya/client/node_modules/vite/dist/node/chunks/node.js:4097:19)
      at TransformPluginContext.transform (file:///C:/Users/user/Desktop/chulsoo-ya/Chulsoo-ya/client/node_modules/vite/dist/node/chunks/node.js:4168:26)
      at EnvironmentPluginContainer.transform (file:///C:/Users/user/Desktop/chulsoo-ya/Chulsoo-ya/client/node_modules/vite/dist/node/chunks/node.js:30851:51)
      at async loadAndTransform (file:///C:/Users/user/Desktop/chulsoo-ya/Chulsoo-ya/client/node_modules/vite/dist/node/chunks/node.js:20619:26)
      at async viteTransformMiddleware (file:///C:/Users/user/Desktop/chulsoo-ya/Chulsoo-ya/client/node_modules/vite/dist/node/chunks/node.js:25142:20)
[2mAM 1:08:00[22m [31m[1m[vite][22m[39m [31mInternal server error: Transform failed with 1 error:

[31m[PARSE_ERROR] [0mExpected `:` but found `}`
 - `:` expected in src/components/shop/ShopHeader.tsx at 11657..11658
[39m
  Plugin: [35mvite:oxc[39m
  File: [36mC:/Users/user/Desktop/chulsoo-ya/Chulsoo-ya/client/src/components/shop/ShopHeader.tsx[39m
      at transformWithOxc (file:///C:/Users/user/Desktop/chulsoo-ya/Chulsoo-ya/client/node_modules/vite/dist/node/chunks/node.js:4097:19)
      at TransformPluginContext.transform (file:///C:/Users/user/Desktop/chulsoo-ya/Chulsoo-ya/client/node_modules/vite/dist/node/chunks/node.js:4168:26)
      at EnvironmentPluginContainer.transform (file:///C:/Users/user/Desktop/chulsoo-ya/Chulsoo-ya/client/node_modules/vite/dist/node/chunks/node.js:30851:51)
      at async loadAndTransform (file:///C:/Users/user/Desktop/chulsoo-ya/Chulsoo-ya/client/node_modules/vite/dist/node/chunks/node.js:20619:26)
      at async viteTransformMiddleware (file:///C:/Users/user/Desktop/chulsoo-ya/Chulsoo-ya/client/node_modules/vite/dist/node/chunks/node.js:25142:20)
[2mAM 1:08:12[22m [31m[1m[vite][22m[39m [31mInternal server error: Transform failed with 1 error:

[31m[PARSE_ERROR] [0mExpected `:` but found `}`
 - `:` expected in src/components/shop/ShopHeader.tsx at 11657..11658
[39m
  Plugin: [35mvite:oxc[39m
  File: [36mC:/Users/user/Desktop/chulsoo-ya/Chulsoo-ya/client/src/components/shop/ShopHeader.tsx[39m
      at transformWithOxc (file:///C:/Users/user/Desktop/chulsoo-ya/Chulsoo-ya/client/node_modules/vite/dist/node/chunks/node.js:4097:19)
      at TransformPluginContext.transform (file:///C:/Users/user/Desktop/chulsoo-ya/Chulsoo-ya/client/node_modules/vite/dist/node/chunks/node.js:4168:26)
      at EnvironmentPluginContainer.transform (file:///C:/Users/user/Desktop/chulsoo-ya/Chulsoo-ya/client/node_modules/vite/dist/node/chunks/node.js:30851:51)
      at async loadAndTransform (file:///C:/Users/user/Desktop/chulsoo-ya/Chulsoo-ya/client/node_modules/vite/dist/node/chunks/node.js:20619:26)
      at async viteTransformMiddleware (file:///C:/Users/user/Desktop/chulsoo-ya/Chulsoo-ya/client/node_modules/vite/dist/node/chunks/node.js:25142:20)
[2mAM 1:08:15[22m [31m[1m[vite][22m[39m [31mInternal server error: Transform failed with 1 error:

[31m[PARSE_ERROR] [0mExpected `:` but found `}`
 - `:` expected in src/components/shop/ShopHeader.tsx at 11657..11658
[39m
  Plugin: [35mvite:oxc[39m
  File: [36mC:/Users/user/Desktop/chulsoo-ya/Chulsoo-ya/client/src/components/shop/ShopHeader.tsx[39m
      at transformWithOxc (file:///C:/Users/user/Desktop/chulsoo-ya/Chulsoo-ya/client/node_modules/vite/dist/node/chunks/node.js:4097:19)
      at TransformPluginContext.transform (file:///C:/Users/user/Desktop/chulsoo-ya/Chulsoo-ya/client/node_modules/vite/dist/node/chunks/node.js:4168:26)
      at EnvironmentPluginContainer.transform (file:///C:/Users/user/Desktop/chulsoo-ya/Chulsoo-ya/client/node_modules/vite/dist/node/chunks/node.js:30851:51)
      at async loadAndTransform (file:///C:/Users/user/Desktop/chulsoo-ya/Chulsoo-ya/client/node_modules/vite/dist/node/chunks/node.js:20619:26)
      at async viteTransformMiddleware (file:///C:/Users/user/Desktop/chulsoo-ya/Chulsoo-ya/client/node_modules/vite/dist/node/chunks/node.js:25142:20)
[2mAM 1:08:27[22m [31m[1m[vite][22m[39m [31mInternal server error: Transform failed with 1 error:

[31m[PARSE_ERROR] [0mExpected `:` but found `}`
 - `:` expected in src/components/shop/ShopHeader.tsx at 11657..11658
[39m
  Plugin: [35mvite:oxc[39m
  File: [36mC:/Users/user/Desktop/chulsoo-ya/Chulsoo-ya/client/src/components/shop/ShopHeader.tsx[39m
      at transformWithOxc (file:///C:/Users/user/Desktop/chulsoo-ya/Chulsoo-ya/client/node_modules/vite/dist/node/chunks/node.js:4097:19)
      at TransformPluginContext.transform (file:///C:/Users/user/Desktop/chulsoo-ya/Chulsoo-ya/client/node_modules/vite/dist/node/chunks/node.js:4168:26)
      at EnvironmentPluginContainer.transform (file:///C:/Users/user/Desktop/chulsoo-ya/Chulsoo-ya/client/node_modules/vite/dist/node/chunks/node.js:30851:51)
      at async loadAndTransform (file:///C:/Users/user/Desktop/chulsoo-ya/Chulsoo-ya/client/node_modules/vite/dist/node/chunks/node.js:20619:26)
      at async viteTransformMiddleware (file:///C:/Users/user/Desktop/chulsoo-ya/Chulsoo-ya/client/node_modules/vite/dist/node/chunks/node.js:25142:20)
[2mAM 1:08:30[22m [31m[1m[vite][22m[39m [31mInternal server error: Transform failed with 1 error:

[31m[PARSE_ERROR] [0mExpected `:` but found `}`
 - `:` expected in src/components/shop/ShopHeader.tsx at 11657..11658
[39m
  Plugin: [35mvite:oxc[39m
  File: [36mC:/Users/user/Desktop/chulsoo-ya/Chulsoo-ya/client/src/components/shop/ShopHeader.tsx[39m
      at transformWithOxc (file:///C:/Users/user/Desktop/chulsoo-ya/Chulsoo-ya/client/node_modules/vite/dist/node/chunks/node.js:4097:19)
      at TransformPluginContext.transform (file:///C:/Users/user/Desktop/chulsoo-ya/Chulsoo-ya/client/node_modules/vite/dist/node/chunks/node.js:4168:26)
      at EnvironmentPluginContainer.transform (file:///C:/Users/user/Desktop/chulsoo-ya/Chulsoo-ya/client/node_modules/vite/dist/node/chunks/node.js:30851:51)
      at async loadAndTransform (file:///C:/Users/user/Desktop/chulsoo-ya/Chulsoo-ya/client/node_modules/vite/dist/node/chunks/node.js:20619:26)
      at async viteTransformMiddleware (file:///C:/Users/user/Desktop/chulsoo-ya/Chulsoo-ya/client/node_modules/vite/dist/node/chunks/node.js:25142:20)
[2mAM 1:08:42[22m [31m[1m[vite][22m[39m [31mInternal server error: Transform failed with 1 error:

[31m[PARSE_ERROR] [0mExpected `:` but found `}`
 - `:` expected in src/components/shop/ShopHeader.tsx at 11657..11658
[39m
  Plugin: [35mvite:oxc[39m
  File: [36mC:/Users/user/Desktop/chulsoo-ya/Chulsoo-ya/client/src/components/shop/ShopHeader.tsx[39m
      at transformWithOxc (file:///C:/Users/user/Desktop/chulsoo-ya/Chulsoo-ya/client/node_modules/vite/dist/node/chunks/node.js:4097:19)
      at TransformPluginContext.transform (file:///C:/Users/user/Desktop/chulsoo-ya/Chulsoo-ya/client/node_modules/vite/dist/node/chunks/node.js:4168:26)
      at EnvironmentPluginContainer.transform (file:///C:/Users/user/Desktop/chulsoo-ya/Chulsoo-ya/client/node_modules/vite/dist/node/chunks/node.js:30851:51)
      at async loadAndTransform (file:///C:/Users/user/Desktop/chulsoo-ya/Chulsoo-ya/client/node_modules/vite/dist/node/chunks/node.js:20619:26)
      at async viteTransformMiddleware (file:///C:/Users/user/Desktop/chulsoo-ya/Chulsoo-ya/client/node_modules/vite/dist/node/chunks/node.js:25142:20)
[2mAM 1:08:43[22m [31m[1m[vite][22m[39m [31mInternal server error: Transform failed with 1 error:

[31m[PARSE_ERROR] [0mExpected `:` but found `}`
 - `:` expected in src/components/shop/ShopHeader.tsx at 11657..11658
[39m
  Plugin: [35mvite:oxc[39m
  File: [36mC:/Users/user/Desktop/chulsoo-ya/Chulsoo-ya/client/src/components/shop/ShopHeader.tsx[39m
      at transformWithOxc (file:///C:/Users/user/Desktop/chulsoo-ya/Chulsoo-ya/client/node_modules/vite/dist/node/chunks/node.js:4097:19)
      at TransformPluginContext.transform (file:///C:/Users/user/Desktop/chulsoo-ya/Chulsoo-ya/client/node_modules/vite/dist/node/chunks/node.js:4168:26)
      at EnvironmentPluginContainer.transform (file:///C:/Users/user/Desktop/chulsoo-ya/Chulsoo-ya/client/node_modules/vite/dist/node/chunks/node.js:30851:51)
      at async loadAndTransform (file:///C:/Users/user/Desktop/chulsoo-ya/Chulsoo-ya/client/node_modules/vite/dist/node/chunks/node.js:20619:26)
      at async viteTransformMiddleware (file:///C:/Users/user/Desktop/chulsoo-ya/Chulsoo-ya/client/node_modules/vite/dist/node/chunks/node.js:25142:20)
[2mAM 1:08:57[22m [31m[1m[vite][22m[39m [31mInternal server error: Transform failed with 1 error:

[31m[PARSE_ERROR] [0mExpected `:` but found `}`
 - `:` expected in src/components/shop/ShopHeader.tsx at 11657..11658
[39m
  Plugin: [35mvite:oxc[39m
  File: [36mC:/Users/user/Desktop/chulsoo-ya/Chulsoo-ya/client/src/components/shop/ShopHeader.tsx[39m
      at transformWithOxc (file:///C:/Users/user/Desktop/chulsoo-ya/Chulsoo-ya/client/node_modules/vite/dist/node/chunks/node.js:4097:19)
      at TransformPluginContext.transform (file:///C:/Users/user/Desktop/chulsoo-ya/Chulsoo-ya/client/node_modules/vite/dist/node/chunks/node.js:4168:26)
      at EnvironmentPluginContainer.transform (file:///C:/Users/user/Desktop/chulsoo-ya/Chulsoo-ya/client/node_modules/vite/dist/node/chunks/node.js:30851:51)
      at async loadAndTransform (file:///C:/Users/user/Desktop/chulsoo-ya/Chulsoo-ya/client/node_modules/vite/dist/node/chunks/node.js:20619:26)
      at async viteTransformMiddleware (file:///C:/Users/user/Desktop/chulsoo-ya/Chulsoo-ya/client/node_modules/vite/dist/node/chunks/node.js:25142:20)
[2mAM 1:09:00[22m [31m[1m[vite][22m[39m [31mInternal server error: Transform failed with 1 error:

[31m[PARSE_ERROR] [0mExpected `:` but found `}`
 - `:` expected in src/components/shop/ShopHeader.tsx at 11657..11658
[39m
  Plugin: [35mvite:oxc[39m
  File: [36mC:/Users/user/Desktop/chulsoo-ya/Chulsoo-ya/client/src/components/shop/ShopHeader.tsx[39m
      at transformWithOxc (file:///C:/Users/user/Desktop/chulsoo-ya/Chulsoo-ya/client/node_modules/vite/dist/node/chunks/node.js:4097:19)
      at TransformPluginContext.transform (file:///C:/Users/user/Desktop/chulsoo-ya/Chulsoo-ya/client/node_modules/vite/dist/node/chunks/node.js:4168:26)
      at EnvironmentPluginContainer.transform (file:///C:/Users/user/Desktop/chulsoo-ya/Chulsoo-ya/client/node_modules/vite/dist/node/chunks/node.js:30851:51)
      at async loadAndTransform (file:///C:/Users/user/Desktop/chulsoo-ya/Chulsoo-ya/client/node_modules/vite/dist/node/chunks/node.js:20619:26)
      at async viteTransformMiddleware (file:///C:/Users/user/Desktop/chulsoo-ya/Chulsoo-ya/client/node_modules/vite/dist/node/chunks/node.js:25142:20)
[2mAM 1:09:01[22m [31m[1m[vite][22m[39m [31m[2m(client)[22m[39m Pre-transform error: Transform failed with 1 error:

[31m[PARSE_ERROR] [0mExpected `:` but found `}`
 - `:` expected in src/components/shop/ShopHeader.tsx at 11664..11665

  Plugin: [35mvite:oxc[39m
  File: [36mC:/Users/user/Desktop/chulsoo-ya/Chulsoo-ya/client/src/components/shop/ShopHeader.tsx[39m
[2mAM 1:09:02[22m [31m[1m[vite][22m[39m [31mInternal server error: Transform failed with 1 error:

[31m[PARSE_ERROR] [0mExpected `:` but found `}`
 - `:` expected in src/components/shop/ShopHeader.tsx at 11664..11665
[39m
  Plugin: [35mvite:oxc[39m
  File: [36mC:/Users/user/Desktop/chulsoo-ya/Chulsoo-ya/client/src/components/shop/ShopHeader.tsx[39m
      at transformWithOxc (file:///C:/Users/user/Desktop/chulsoo-ya/Chulsoo-ya/client/node_modules/vite/dist/node/chunks/node.js:4097:19)
      at TransformPluginContext.transform (file:///C:/Users/user/Desktop/chulsoo-ya/Chulsoo-ya/client/node_modules/vite/dist/node/chunks/node.js:4168:26)
      at EnvironmentPluginContainer.transform (file:///C:/Users/user/Desktop/chulsoo-ya/Chulsoo-ya/client/node_modules/vite/dist/node/chunks/node.js:30851:51)
      at async loadAndTransform (file:///C:/Users/user/Desktop/chulsoo-ya/Chulsoo-ya/client/node_modules/vite/dist/node/chunks/node.js:20619:26)
      at async viteTransformMiddleware (file:///C:/Users/user/Desktop/chulsoo-ya/Chulsoo-ya/client/node_modules/vite/dist/node/chunks/node.js:25142:20)
[2mAM 1:09:12[22m [31m[1m[vite][22m[39m [31mInternal server error: Transform failed with 1 error:

[31m[PARSE_ERROR] [0mExpected `:` but found `}`
 - `:` expected in src/components/shop/ShopHeader.tsx at 11664..11665
[39m
  Plugin: [35mvite:oxc[39m
  File: [36mC:/Users/user/Desktop/chulsoo-ya/Chulsoo-ya/client/src/components/shop/ShopHeader.tsx[39m
      at transformWithOxc (file:///C:/Users/user/Desktop/chulsoo-ya/Chulsoo-ya/client/node_modules/vite/dist/node/chunks/node.js:4097:19)
      at TransformPluginContext.transform (file:///C:/Users/user/Desktop/chulsoo-ya/Chulsoo-ya/client/node_modules/vite/dist/node/chunks/node.js:4168:26)
      at EnvironmentPluginContainer.transform (file:///C:/Users/user/Desktop/chulsoo-ya/Chulsoo-ya/client/node_modules/vite/dist/node/chunks/node.js:30851:51)
      at async loadAndTransform (file:///C:/Users/user/Desktop/chulsoo-ya/Chulsoo-ya/client/node_modules/vite/dist/node/chunks/node.js:20619:26)
      at async viteTransformMiddleware (file:///C:/Users/user/Desktop/chulsoo-ya/Chulsoo-ya/client/node_modules/vite/dist/node/chunks/node.js:25142:20)
[2mAM 1:09:15[22m [31m[1m[vite][22m[39m [31mInternal server error: Transform failed with 1 error:

[31m[PARSE_ERROR] [0mExpected `:` but found `}`
 - `:` expected in src/components/shop/ShopHeader.tsx at 11664..11665
[39m
  Plugin: [35mvite:oxc[39m
  File: [36mC:/Users/user/Desktop/chulsoo-ya/Chulsoo-ya/client/src/components/shop/ShopHeader.tsx[39m
      at transformWithOxc (file:///C:/Users/user/Desktop/chulsoo-ya/Chulsoo-ya/client/node_modules/vite/dist/node/chunks/node.js:4097:19)
      at TransformPluginContext.transform (file:///C:/Users/user/Desktop/chulsoo-ya/Chulsoo-ya/client/node_modules/vite/dist/node/chunks/node.js:4168:26)
      at EnvironmentPluginContainer.transform (file:///C:/Users/user/Desktop/chulsoo-ya/Chulsoo-ya/client/node_modules/vite/dist/node/chunks/node.js:30851:51)
      at async loadAndTransform (file:///C:/Users/user/Desktop/chulsoo-ya/Chulsoo-ya/client/node_modules/vite/dist/node/chunks/node.js:20619:26)
      at async viteTransformMiddleware (file:///C:/Users/user/Desktop/chulsoo-ya/Chulsoo-ya/client/node_modules/vite/dist/node/chunks/node.js:25142:20)
[2mAM 1:09:27[22m [31m[1m[vite][22m[39m [31mInternal server error: Transform failed with 1 error:

[31m[PARSE_ERROR] [0mExpected `:` but found `}`
 - `:` expected in src/components/shop/ShopHeader.tsx at 11664..11665
[39m
  Plugin: [35mvite:oxc[39m
  File: [36mC:/Users/user/Desktop/chulsoo-ya/Chulsoo-ya/client/src/components/shop/ShopHeader.tsx[39m
      at transformWithOxc (file:///C:/Users/user/Desktop/chulsoo-ya/Chulsoo-ya/client/node_modules/vite/dist/node/chunks/node.js:4097:19)
      at TransformPluginContext.transform (file:///C:/Users/user/Desktop/chulsoo-ya/Chulsoo-ya/client/node_modules/vite/dist/node/chunks/node.js:4168:26)
      at EnvironmentPluginContainer.transform (file:///C:/Users/user/Desktop/chulsoo-ya/Chulsoo-ya/client/node_modules/vite/dist/node/chunks/node.js:30851:51)
      at async loadAndTransform (file:///C:/Users/user/Desktop/chulsoo-ya/Chulsoo-ya/client/node_modules/vite/dist/node/chunks/node.js:20619:26)
      at async viteTransformMiddleware (file:///C:/Users/user/Desktop/chulsoo-ya/Chulsoo-ya/client/node_modules/vite/dist/node/chunks/node.js:25142:20)
[2mAM 1:09:30[22m [31m[1m[vite][22m[39m [31mInternal server error: Transform failed with 1 error:

[31m[PARSE_ERROR] [0mExpected `:` but found `}`
 - `:` expected in src/components/shop/ShopHeader.tsx at 11664..11665
[39m
  Plugin: [35mvite:oxc[39m
  File: [36mC:/Users/user/Desktop/chulsoo-ya/Chulsoo-ya/client/src/components/shop/ShopHeader.tsx[39m
      at transformWithOxc (file:///C:/Users/user/Desktop/chulsoo-ya/Chulsoo-ya/client/node_modules/vite/dist/node/chunks/node.js:4097:19)
      at TransformPluginContext.transform (file:///C:/Users/user/Desktop/chulsoo-ya/Chulsoo-ya/client/node_modules/vite/dist/node/chunks/node.js:4168:26)
      at EnvironmentPluginContainer.transform (file:///C:/Users/user/Desktop/chulsoo-ya/Chulsoo-ya/client/node_modules/vite/dist/node/chunks/node.js:30851:51)
      at async loadAndTransform (file:///C:/Users/user/Desktop/chulsoo-ya/Chulsoo-ya/client/node_modules/vite/dist/node/chunks/node.js:20619:26)
      at async viteTransformMiddleware (file:///C:/Users/user/Desktop/chulsoo-ya/Chulsoo-ya/client/node_modules/vite/dist/node/chunks/node.js:25142:20)
[2mAM 1:09:42[22m [31m[1m[vite][22m[39m [31mInternal server error: Transform failed with 1 error:

[31m[PARSE_ERROR] [0mExpected `:` but found `}`
 - `:` expected in src/components/shop/ShopHeader.tsx at 11664..11665
[39m
  Plugin: [35mvite:oxc[39m
  File: [36mC:/Users/user/Desktop/chulsoo-ya/Chulsoo-ya/client/src/components/shop/ShopHeader.tsx[39m
      at transformWithOxc (file:///C:/Users/user/Desktop/chulsoo-ya/Chulsoo-ya/client/node_modules/vite/dist/node/chunks/node.js:4097:19)
      at TransformPluginContext.transform (file:///C:/Users/user/Desktop/chulsoo-ya/Chulsoo-ya/client/node_modules/vite/dist/node/chunks/node.js:4168:26)
      at EnvironmentPluginContainer.transform (file:///C:/Users/user/Desktop/chulsoo-ya/Chulsoo-ya/client/node_modules/vite/dist/node/chunks/node.js:30851:51)
      at async loadAndTransform (file:///C:/Users/user/Desktop/chulsoo-ya/Chulsoo-ya/client/node_modules/vite/dist/node/chunks/node.js:20619:26)
      at async viteTransformMiddleware (file:///C:/Users/user/Desktop/chulsoo-ya/Chulsoo-ya/client/node_modules/vite/dist/node/chunks/node.js:25142:20)
[2mAM 1:09:43[22m [31m[1m[vite][22m[39m [31mInternal server error: Transform failed with 1 error:

[31m[PARSE_ERROR] [0mExpected `:` but found `}`
 - `:` expected in src/components/shop/ShopHeader.tsx at 11664..11665
[39m
  Plugin: [35mvite:oxc[39m
  File: [36mC:/Users/user/Desktop/chulsoo-ya/Chulsoo-ya/client/src/components/shop/ShopHeader.tsx[39m
      at transformWithOxc (file:///C:/Users/user/Desktop/chulsoo-ya/Chulsoo-ya/client/node_modules/vite/dist/node/chunks/node.js:4097:19)
      at TransformPluginContext.transform (file:///C:/Users/user/Desktop/chulsoo-ya/Chulsoo-ya/client/node_modules/vite/dist/node/chunks/node.js:4168:26)
      at EnvironmentPluginContainer.transform (file:///C:/Users/user/Desktop/chulsoo-ya/Chulsoo-ya/client/node_modules/vite/dist/node/chunks/node.js:30851:51)
      at async loadAndTransform (file:///C:/Users/user/Desktop/chulsoo-ya/Chulsoo-ya/client/node_modules/vite/dist/node/chunks/node.js:20619:26)
      at async viteTransformMiddleware (file:///C:/Users/user/Desktop/chulsoo-ya/Chulsoo-ya/client/node_modules/vite/dist/node/chunks/node.js:25142:20)
[2mAM 1:09:57[22m [31m[1m[vite][22m[39m [31mInternal server error: Transform failed with 1 error:

[31m[PARSE_ERROR] [0mExpected `:` but found `}`
 - `:` expected in src/components/shop/ShopHeader.tsx at 11664..11665
[39m
  Plugin: [35mvite:oxc[39m
  File: [36mC:/Users/user/Desktop/chulsoo-ya/Chulsoo-ya/client/src/components/shop/ShopHeader.tsx[39m
      at transformWithOxc (file:///C:/Users/user/Desktop/chulsoo-ya/Chulsoo-ya/client/node_modules/vite/dist/node/chunks/node.js:4097:19)
      at TransformPluginContext.transform (file:///C:/Users/user/Desktop/chulsoo-ya/Chulsoo-ya/client/node_modules/vite/dist/node/chunks/node.js:4168:26)
      at EnvironmentPluginContainer.transform (file:///C:/Users/user/Desktop/chulsoo-ya/Chulsoo-ya/client/node_modules/vite/dist/node/chunks/node.js:30851:51)
      at async loadAndTransform (file:///C:/Users/user/Desktop/chulsoo-ya/Chulsoo-ya/client/node_modules/vite/dist/node/chunks/node.js:20619:26)
      at async viteTransformMiddleware (file:///C:/Users/user/Desktop/chulsoo-ya/Chulsoo-ya/client/node_modules/vite/dist/node/chunks/node.js:25142:20)
[2mAM 1:10:00[22m [31m[1m[vite][22m[39m [31mInternal server error: Transform failed with 1 error:

[31m[PARSE_ERROR] [0mExpected `:` but found `}`
 - `:` expected in src/components/shop/ShopHeader.tsx at 11664..11665
[39m
  Plugin: [35mvite:oxc[39m
  File: [36mC:/Users/user/Desktop/chulsoo-ya/Chulsoo-ya/client/src/components/shop/ShopHeader.tsx[39m
      at transformWithOxc (file:///C:/Users/user/Desktop/chulsoo-ya/Chulsoo-ya/client/node_modules/vite/dist/node/chunks/node.js:4097:19)
      at TransformPluginContext.transform (file:///C:/Users/user/Desktop/chulsoo-ya/Chulsoo-ya/client/node_modules/vite/dist/node/chunks/node.js:4168:26)
      at EnvironmentPluginContainer.transform (file:///C:/Users/user/Desktop/chulsoo-ya/Chulsoo-ya/client/node_modules/vite/dist/node/chunks/node.js:30851:51)
      at async loadAndTransform (file:///C:/Users/user/Desktop/chulsoo-ya/Chulsoo-ya/client/node_modules/vite/dist/node/chunks/node.js:20619:26)
      at async viteTransformMiddleware (file:///C:/Users/user/Desktop/chulsoo-ya/Chulsoo-ya/client/node_modules/vite/dist/node/chunks/node.js:25142:20)
[2mAM 1:10:12[22m [31m[1m[vite][22m[39m [31mInternal server error: Transform failed with 1 error:

[31m[PARSE_ERROR] [0mExpected `:` but found `}`
 - `:` expected in src/components/shop/ShopHeader.tsx at 11664..11665
[39m
  Plugin: [35mvite:oxc[39m
  File: [36mC:/Users/user/Desktop/chulsoo-ya/Chulsoo-ya/client/src/components/shop/ShopHeader.tsx[39m
      at transformWithOxc (file:///C:/Users/user/Desktop/chulsoo-ya/Chulsoo-ya/client/node_modules/vite/dist/node/chunks/node.js:4097:19)
      at TransformPluginContext.transform (file:///C:/Users/user/Desktop/chulsoo-ya/Chulsoo-ya/client/node_modules/vite/dist/node/chunks/node.js:4168:26)
      at EnvironmentPluginContainer.transform (file:///C:/Users/user/Desktop/chulsoo-ya/Chulsoo-ya/client/node_modules/vite/dist/node/chunks/node.js:30851:51)
      at async loadAndTransform (file:///C:/Users/user/Desktop/chulsoo-ya/Chulsoo-ya/client/node_modules/vite/dist/node/chunks/node.js:20619:26)
      at async viteTransformMiddleware (file:///C:/Users/user/Desktop/chulsoo-ya/Chulsoo-ya/client/node_modules/vite/dist/node/chunks/node.js:25142:20)
[2mAM 1:10:15[22m [31m[1m[vite][22m[39m [31mInternal server error: Transform failed with 1 error:

[31m[PARSE_ERROR] [0mExpected `:` but found `}`
 - `:` expected in src/components/shop/ShopHeader.tsx at 11664..11665
[39m
  Plugin: [35mvite:oxc[39m
  File: [36mC:/Users/user/Desktop/chulsoo-ya/Chulsoo-ya/client/src/components/shop/ShopHeader.tsx[39m
      at transformWithOxc (file:///C:/Users/user/Desktop/chulsoo-ya/Chulsoo-ya/client/node_modules/vite/dist/node/chunks/node.js:4097:19)
      at TransformPluginContext.transform (file:///C:/Users/user/Desktop/chulsoo-ya/Chulsoo-ya/client/node_modules/vite/dist/node/chunks/node.js:4168:26)
      at EnvironmentPluginContainer.transform (file:///C:/Users/user/Desktop/chulsoo-ya/Chulsoo-ya/client/node_modules/vite/dist/node/chunks/node.js:30851:51)
      at async loadAndTransform (file:///C:/Users/user/Desktop/chulsoo-ya/Chulsoo-ya/client/node_modules/vite/dist/node/chunks/node.js:20619:26)
      at async viteTransformMiddleware (file:///C:/Users/user/Desktop/chulsoo-ya/Chulsoo-ya/client/node_modules/vite/dist/node/chunks/node.js:25142:20)
[2mAM 1:10:22[22m [31m[1m[vite][22m[39m [31m[2m(client)[22m[39m Pre-transform error: Transform failed with 1 error:

[31m[PARSE_ERROR] [0mExpected `:` but found `}`
     [38;5;246m╭[0m[38;5;246m─[0m[38;5;246m[[0m src/components/shop/ShopHeader.tsx:102:42 [38;5;246m][0m
     [38;5;246m│[0m
 [38;5;246m102 │[0m [38;5;249m [0m[38;5;249m [0m[38;5;249m [0m[38;5;249m [0m[38;5;249m [0m[38;5;249m [0m[38;5;249m [0m[38;5;249m [0m[38;5;249m [0m[38;5;249m [0m[38;5;249m [0m[38;5;249m [0m[38;5;249m{[0m[38;5;249md[0m[38;5;249ma[0m[38;5;249mr[0m[38;5;249mk[0m[38;5;249m [0m[38;5;249m?[0m[38;5;249m [0m[38;5;249m{[0m[38;5;249m'[0m[38;5;249m\[0m[38;5;249mu[0m[38;5;249mB[0m[38;5;249m7[0m[38;5;249m7[0m[38;5;249mC[0m[38;5;249m\[0m[38;5;249mu[0m[38;5;249mC[0m[38;5;249m7[0m[38;5;249m7[0m[38;5;249m4[0m[38;5;249m\[0m[38;5;249mu[0m[38;5;249mD[0m[38;5;249m2[0m[38;5;249mB[0m[38;5;249m8[0m[38;5;249m'[0m}[38;5;249m [0m[38;5;249m:[0m[38;5;249m [0m[38;5;249m{[0m[38;5;249m'[0m[38;5;249m\[0m[38;5;249mu[0m[38;5;249mB[0m[38;5;249m2[0m[38;5;249mE[0m[38;5;249m4[0m[38;5;249m\[0m[38;5;249mu[0m[38;5;249mD[0m[38;5;249m0[0m[38;5;249m6[0m[38;5;249mC[0m[38;5;249m'[0m[38;5;249m}[0m[38;5;249m}[0m
 [38;5;240m    │[0m                                          ┬  
 [38;5;240m    │[0m                                          ╰── `:` expected
[38;5;246m─────╯[0m

  Plugin: [35mvite:oxc[39m
  File: [36mC:/Users/user/Desktop/chulsoo-ya/Chulsoo-ya/client/src/components/shop/ShopHeader.tsx[39m
[2mAM 1:10:22[22m [31m[1m[vite][22m[39m [31mInternal server error: Transform failed with 1 error:

[31m[PARSE_ERROR] [0mExpected `:` but found `}`
     [38;5;246m╭[0m[38;5;246m─[0m[38;5;246m[[0m src/components/shop/ShopHeader.tsx:102:42 [38;5;246m][0m
     [38;5;246m│[0m
 [38;5;246m102 │[0m [38;5;249m [0m[38;5;249m [0m[38;5;249m [0m[38;5;249m [0m[38;5;249m [0m[38;5;249m [0m[38;5;249m [0m[38;5;249m [0m[38;5;249m [0m[38;5;249m [0m[38;5;249m [0m[38;5;249m [0m[38;5;249m{[0m[38;5;249md[0m[38;5;249ma[0m[38;5;249mr[0m[38;5;249mk[0m[38;5;249m [0m[38;5;249m?[0m[38;5;249m [0m[38;5;249m{[0m[38;5;249m'[0m[38;5;249m\[0m[38;5;249mu[0m[38;5;249mB[0m[38;5;249m7[0m[38;5;249m7[0m[38;5;249mC[0m[38;5;249m\[0m[38;5;249mu[0m[38;5;249mC[0m[38;5;249m7[0m[38;5;249m7[0m[38;5;249m4[0m[38;5;249m\[0m[38;5;249mu[0m[38;5;249mD[0m[38;5;249m2[0m[38;5;249mB[0m[38;5;249m8[0m[38;5;249m'[0m}[38;5;249m [0m[38;5;249m:[0m[38;5;249m [0m[38;5;249m{[0m[38;5;249m'[0m[38;5;249m\[0m[38;5;249mu[0m[38;5;249mB[0m[38;5;249m2[0m[38;5;249mE[0m[38;5;249m4[0m[38;5;249m\[0m[38;5;249mu[0m[38;5;249mD[0m[38;5;249m0[0m[38;5;249m6[0m[38;5;249mC[0m[38;5;249m'[0m[38;5;249m}[0m[38;5;249m}[0m
 [38;5;240m    │[0m                                          ┬  
 [38;5;240m    │[0m                                          ╰── `:` expected
[38;5;246m─────╯[0m
[39m
  Plugin: [35mvite:oxc[39m
  File: [36mC:/Users/user/Desktop/chulsoo-ya/Chulsoo-ya/client/src/components/shop/ShopHeader.tsx[39m
      at transformWithOxc (file:///C:/Users/user/Desktop/chulsoo-ya/Chulsoo-ya/client/node_modules/vite/dist/node/chunks/node.js:4097:19)
      at TransformPluginContext.transform (file:///C:/Users/user/Desktop/chulsoo-ya/Chulsoo-ya/client/node_modules/vite/dist/node/chunks/node.js:4168:26)
      at EnvironmentPluginContainer.transform (file:///C:/Users/user/Desktop/chulsoo-ya/Chulsoo-ya/client/node_modules/vite/dist/node/chunks/node.js:30851:51)
      at async loadAndTransform (file:///C:/Users/user/Desktop/chulsoo-ya/Chulsoo-ya/client/node_modules/vite/dist/node/chunks/node.js:20619:26)
      at async viteTransformMiddleware (file:///C:/Users/user/Desktop/chulsoo-ya/Chulsoo-ya/client/node_modules/vite/dist/node/chunks/node.js:25142:20)
[2mAM 1:10:27[22m [31m[1m[vite][22m[39m [31mInternal server error: Transform failed with 1 error:

[31m[PARSE_ERROR] [0mExpected `:` but found `}`
     [38;5;246m╭[0m[38;5;246m─[0m[38;5;246m[[0m src/components/shop/ShopHeader.tsx:102:42 [38;5;246m][0m
     [38;5;246m│[0m
 [38;5;246m102 │[0m [38;5;249m [0m[38;5;249m [0m[38;5;249m [0m[38;5;249m [0m[38;5;249m [0m[38;5;249m [0m[38;5;249m [0m[38;5;249m [0m[38;5;249m [0m[38;5;249m [0m[38;5;249m [0m[38;5;249m [0m[38;5;249m{[0m[38;5;249md[0m[38;5;249ma[0m[38;5;249mr[0m[38;5;249mk[0m[38;5;249m [0m[38;5;249m?[0m[38;5;249m [0m[38;5;249m{[0m[38;5;249m'[0m[38;5;249m\[0m[38;5;249mu[0m[38;5;249mB[0m[38;5;249m7[0m[38;5;249m7[0m[38;5;249mC[0m[38;5;249m\[0m[38;5;249mu[0m[38;5;249mC[0m[38;5;249m7[0m[38;5;249m7[0m[38;5;249m4[0m[38;5;249m\[0m[38;5;249mu[0m[38;5;249mD[0m[38;5;249m2[0m[38;5;249mB[0m[38;5;249m8[0m[38;5;249m'[0m}[38;5;249m [0m[38;5;249m:[0m[38;5;249m [0m[38;5;249m{[0m[38;5;249m'[0m[38;5;249m\[0m[38;5;249mu[0m[38;5;249mB[0m[38;5;249m2[0m[38;5;249mE[0m[38;5;249m4[0m[38;5;249m\[0m[38;5;249mu[0m[38;5;249mD[0m[38;5;249m0[0m[38;5;249m6[0m[38;5;249mC[0m[38;5;249m'[0m[38;5;249m}[0m[38;5;249m}[0m
 [38;5;240m    │[0m                                          ┬  
 [38;5;240m    │[0m                                          ╰── `:` expected
[38;5;246m─────╯[0m
[39m
  Plugin: [35mvite:oxc[39m
  File: [36mC:/Users/user/Desktop/chulsoo-ya/Chulsoo-ya/client/src/components/shop/ShopHeader.tsx[39m
      at transformWithOxc (file:///C:/Users/user/Desktop/chulsoo-ya/Chulsoo-ya/client/node_modules/vite/dist/node/chunks/node.js:4097:19)
      at TransformPluginContext.transform (file:///C:/Users/user/Desktop/chulsoo-ya/Chulsoo-ya/client/node_modules/vite/dist/node/chunks/node.js:4168:26)
      at EnvironmentPluginContainer.transform (file:///C:/Users/user/Desktop/chulsoo-ya/Chulsoo-ya/client/node_modules/vite/dist/node/chunks/node.js:30851:51)
      at async loadAndTransform (file:///C:/Users/user/Desktop/chulsoo-ya/Chulsoo-ya/client/node_modules/vite/dist/node/chunks/node.js:20619:26)
      at async viteTransformMiddleware (file:///C:/Users/user/Desktop/chulsoo-ya/Chulsoo-ya/client/node_modules/vite/dist/node/chunks/node.js:25142:20)
[2mAM 1:10:30[22m [31m[1m[vite][22m[39m [31mInternal server error: Transform failed with 1 error:

[31m[PARSE_ERROR] [0mExpected `:` but found `}`
     [38;5;246m╭[0m[38;5;246m─[0m[38;5;246m[[0m src/components/shop/ShopHeader.tsx:102:42 [38;5;246m][0m
     [38;5;246m│[0m
 [38;5;246m102 │[0m [38;5;249m [0m[38;5;249m [0m[38;5;249m [0m[38;5;249m [0m[38;5;249m [0m[38;5;249m [0m[38;5;249m [0m[38;5;249m [0m[38;5;249m [0m[38;5;249m [0m[38;5;249m [0m[38;5;249m [0m[38;5;249m{[0m[38;5;249md[0m[38;5;249ma[0m[38;5;249mr[0m[38;5;249mk[0m[38;5;249m [0m[38;5;249m?[0m[38;5;249m [0m[38;5;249m{[0m[38;5;249m'[0m[38;5;249m\[0m[38;5;249mu[0m[38;5;249mB[0m[38;5;249m7[0m[38;5;249m7[0m[38;5;249mC[0m[38;5;249m\[0m[38;5;249mu[0m[38;5;249mC[0m[38;5;249m7[0m[38;5;249m7[0m[38;5;249m4[0m[38;5;249m\[0m[38;5;249mu[0m[38;5;249mD[0m[38;5;249m2[0m[38;5;249mB[0m[38;5;249m8[0m[38;5;249m'[0m}[38;5;249m [0m[38;5;249m:[0m[38;5;249m [0m[38;5;249m{[0m[38;5;249m'[0m[38;5;249m\[0m[38;5;249mu[0m[38;5;249mB[0m[38;5;249m2[0m[38;5;249mE[0m[38;5;249m4[0m[38;5;249m\[0m[38;5;249mu[0m[38;5;249mD[0m[38;5;249m0[0m[38;5;249m6[0m[38;5;249mC[0m[38;5;249m'[0m[38;5;249m}[0m[38;5;249m}[0m
 [38;5;240m    │[0m                                          ┬  
 [38;5;240m    │[0m                                          ╰── `:` expected
[38;5;246m─────╯[0m
[39m
  Plugin: [35mvite:oxc[39m
  File: [36mC:/Users/user/Desktop/chulsoo-ya/Chulsoo-ya/client/src/components/shop/ShopHeader.tsx[39m
      at transformWithOxc (file:///C:/Users/user/Desktop/chulsoo-ya/Chulsoo-ya/client/node_modules/vite/dist/node/chunks/node.js:4097:19)
      at TransformPluginContext.transform (file:///C:/Users/user/Desktop/chulsoo-ya/Chulsoo-ya/client/node_modules/vite/dist/node/chunks/node.js:4168:26)
      at EnvironmentPluginContainer.transform (file:///C:/Users/user/Desktop/chulsoo-ya/Chulsoo-ya/client/node_modules/vite/dist/node/chunks/node.js:30851:51)
      at async loadAndTransform (file:///C:/Users/user/Desktop/chulsoo-ya/Chulsoo-ya/client/node_modules/vite/dist/node/chunks/node.js:20619:26)
      at async viteTransformMiddleware (file:///C:/Users/user/Desktop/chulsoo-ya/Chulsoo-ya/client/node_modules/vite/dist/node/chunks/node.js:25142:20)
[2mAM 1:10:42[22m [31m[1m[vite][22m[39m [31mInternal server error: Transform failed with 1 error:

[31m[PARSE_ERROR] [0mExpected `:` but found `}`
     [38;5;246m╭[0m[38;5;246m─[0m[38;5;246m[[0m src/components/shop/ShopHeader.tsx:102:42 [38;5;246m][0m
     [38;5;246m│[0m
 [38;5;246m102 │[0m [38;5;249m [0m[38;5;249m [0m[38;5;249m [0m[38;5;249m [0m[38;5;249m [0m[38;5;249m [0m[38;5;249m [0m[38;5;249m [0m[38;5;249m [0m[38;5;249m [0m[38;5;249m [0m[38;5;249m [0m[38;5;249m{[0m[38;5;249md[0m[38;5;249ma[0m[38;5;249mr[0m[38;5;249mk[0m[38;5;249m [0m[38;5;249m?[0m[38;5;249m [0m[38;5;249m{[0m[38;5;249m'[0m[38;5;249m\[0m[38;5;249mu[0m[38;5;249mB[0m[38;5;249m7[0m[38;5;249m7[0m[38;5;249mC[0m[38;5;249m\[0m[38;5;249mu[0m[38;5;249mC[0m[38;5;249m7[0m[38;5;249m7[0m[38;5;249m4[0m[38;5;249m\[0m[38;5;249mu[0m[38;5;249mD[0m[38;5;249m2[0m[38;5;249mB[0m[38;5;249m8[0m[38;5;249m'[0m}[38;5;249m [0m[38;5;249m:[0m[38;5;249m [0m[38;5;249m{[0m[38;5;249m'[0m[38;5;249m\[0m[38;5;249mu[0m[38;5;249mB[0m[38;5;249m2[0m[38;5;249mE[0m[38;5;249m4[0m[38;5;249m\[0m[38;5;249mu[0m[38;5;249mD[0m[38;5;249m0[0m[38;5;249m6[0m[38;5;249mC[0m[38;5;249m'[0m[38;5;249m}[0m[38;5;249m}[0m
 [38;5;240m    │[0m                                          ┬  
 [38;5;240m    │[0m                                          ╰── `:` expected
[38;5;246m─────╯[0m
[39m
  Plugin: [35mvite:oxc[39m
  File: [36mC:/Users/user/Desktop/chulsoo-ya/Chulsoo-ya/client/src/components/shop/ShopHeader.tsx[39m
      at transformWithOxc (file:///C:/Users/user/Desktop/chulsoo-ya/Chulsoo-ya/client/node_modules/vite/dist/node/chunks/node.js:4097:19)
      at TransformPluginContext.transform (file:///C:/Users/user/Desktop/chulsoo-ya/Chulsoo-ya/client/node_modules/vite/dist/node/chunks/node.js:4168:26)
      at EnvironmentPluginContainer.transform (file:///C:/Users/user/Desktop/chulsoo-ya/Chulsoo-ya/client/node_modules/vite/dist/node/chunks/node.js:30851:51)
      at async loadAndTransform (file:///C:/Users/user/Desktop/chulsoo-ya/Chulsoo-ya/client/node_modules/vite/dist/node/chunks/node.js:20619:26)
      at async viteTransformMiddleware (file:///C:/Users/user/Desktop/chulsoo-ya/Chulsoo-ya/client/node_modules/vite/dist/node/chunks/node.js:25142:20)
[2mAM 1:10:43[22m [31m[1m[vite][22m[39m [31mInternal server error: Transform failed with 1 error:

[31m[PARSE_ERROR] [0mExpected `:` but found `}`
     [38;5;246m╭[0m[38;5;246m─[0m[38;5;246m[[0m src/components/shop/ShopHeader.tsx:102:42 [38;5;246m][0m
     [38;5;246m│[0m
 [38;5;246m102 │[0m [38;5;249m [0m[38;5;249m [0m[38;5;249m [0m[38;5;249m [0m[38;5;249m [0m[38;5;249m [0m[38;5;249m [0m[38;5;249m [0m[38;5;249m [0m[38;5;249m [0m[38;5;249m [0m[38;5;249m [0m[38;5;249m{[0m[38;5;249md[0m[38;5;249ma[0m[38;5;249mr[0m[38;5;249mk[0m[38;5;249m [0m[38;5;249m?[0m[38;5;249m [0m[38;5;249m{[0m[38;5;249m'[0m[38;5;249m\[0m[38;5;249mu[0m[38;5;249mB[0m[38;5;249m7[0m[38;5;249m7[0m[38;5;249mC[0m[38;5;249m\[0m[38;5;249mu[0m[38;5;249mC[0m[38;5;249m7[0m[38;5;249m7[0m[38;5;249m4[0m[38;5;249m\[0m[38;5;249mu[0m[38;5;249mD[0m[38;5;249m2[0m[38;5;249mB[0m[38;5;249m8[0m[38;5;249m'[0m}[38;5;249m [0m[38;5;249m:[0m[38;5;249m [0m[38;5;249m{[0m[38;5;249m'[0m[38;5;249m\[0m[38;5;249mu[0m[38;5;249mB[0m[38;5;249m2[0m[38;5;249mE[0m[38;5;249m4[0m[38;5;249m\[0m[38;5;249mu[0m[38;5;249mD[0m[38;5;249m0[0m[38;5;249m6[0m[38;5;249mC[0m[38;5;249m'[0m[38;5;249m}[0m[38;5;249m}[0m
 [38;5;240m    │[0m                                          ┬  
 [38;5;240m    │[0m                                          ╰── `:` expected
[38;5;246m─────╯[0m
[39m
  Plugin: [35mvite:oxc[39m
  File: [36mC:/Users/user/Desktop/chulsoo-ya/Chulsoo-ya/client/src/components/shop/ShopHeader.tsx[39m
      at transformWithOxc (file:///C:/Users/user/Desktop/chulsoo-ya/Chulsoo-ya/client/node_modules/vite/dist/node/chunks/node.js:4097:19)
      at TransformPluginContext.transform (file:///C:/Users/user/Desktop/chulsoo-ya/Chulsoo-ya/client/node_modules/vite/dist/node/chunks/node.js:4168:26)
      at EnvironmentPluginContainer.transform (file:///C:/Users/user/Desktop/chulsoo-ya/Chulsoo-ya/client/node_modules/vite/dist/node/chunks/node.js:30851:51)
      at async loadAndTransform (file:///C:/Users/user/Desktop/chulsoo-ya/Chulsoo-ya/client/node_modules/vite/dist/node/chunks/node.js:20619:26)
      at async viteTransformMiddleware (file:///C:/Users/user/Desktop/chulsoo-ya/Chulsoo-ya/client/node_modules/vite/dist/node/chunks/node.js:25142:20)
[2mAM 1:10:57[22m [31m[1m[vite][22m[39m [31mInternal server error: Transform failed with 1 error:

[31m[PARSE_ERROR] [0mExpected `:` but found `}`
     [38;5;246m╭[0m[38;5;246m─[0m[38;5;246m[[0m src/components/shop/ShopHeader.tsx:102:42 [38;5;246m][0m
     [38;5;246m│[0m
 [38;5;246m102 │[0m [38;5;249m [0m[38;5;249m [0m[38;5;249m [0m[38;5;249m [0m[38;5;249m [0m[38;5;249m [0m[38;5;249m [0m[38;5;249m [0m[38;5;249m [0m[38;5;249m [0m[38;5;249m [0m[38;5;249m [0m[38;5;249m{[0m[38;5;249md[0m[38;5;249ma[0m[38;5;249mr[0m[38;5;249mk[0m[38;5;249m [0m[38;5;249m?[0m[38;5;249m [0m[38;5;249m{[0m[38;5;249m'[0m[38;5;249m\[0m[38;5;249mu[0m[38;5;249mB[0m[38;5;249m7[0m[38;5;249m7[0m[38;5;249mC[0m[38;5;249m\[0m[38;5;249mu[0m[38;5;249mC[0m[38;5;249m7[0m[38;5;249m7[0m[38;5;249m4[0m[38;5;249m\[0m[38;5;249mu[0m[38;5;249mD[0m[38;5;249m2[0m[38;5;249mB[0m[38;5;249m8[0m[38;5;249m'[0m}[38;5;249m [0m[38;5;249m:[0m[38;5;249m [0m[38;5;249m{[0m[38;5;249m'[0m[38;5;249m\[0m[38;5;249mu[0m[38;5;249mB[0m[38;5;249m2[0m[38;5;249mE[0m[38;5;249m4[0m[38;5;249m\[0m[38;5;249mu[0m[38;5;249mD[0m[38;5;249m0[0m[38;5;249m6[0m[38;5;249mC[0m[38;5;249m'[0m[38;5;249m}[0m[38;5;249m}[0m
 [38;5;240m    │[0m                                          ┬  
 [38;5;240m    │[0m                                          ╰── `:` expected
[38;5;246m─────╯[0m
[39m
  Plugin: [35mvite:oxc[39m
  File: [36mC:/Users/user/Desktop/chulsoo-ya/Chulsoo-ya/client/src/components/shop/ShopHeader.tsx[39m
      at transformWithOxc (file:///C:/Users/user/Desktop/chulsoo-ya/Chulsoo-ya/client/node_modules/vite/dist/node/chunks/node.js:4097:19)
      at TransformPluginContext.transform (file:///C:/Users/user/Desktop/chulsoo-ya/Chulsoo-ya/client/node_modules/vite/dist/node/chunks/node.js:4168:26)
      at EnvironmentPluginContainer.transform (file:///C:/Users/user/Desktop/chulsoo-ya/Chulsoo-ya/client/node_modules/vite/dist/node/chunks/node.js:30851:51)
      at async loadAndTransform (file:///C:/Users/user/Desktop/chulsoo-ya/Chulsoo-ya/client/node_modules/vite/dist/node/chunks/node.js:20619:26)
      at async viteTransformMiddleware (file:///C:/Users/user/Desktop/chulsoo-ya/Chulsoo-ya/client/node_modules/vite/dist/node/chunks/node.js:25142:20)
[2mAM 1:11:00[22m [31m[1m[vite][22m[39m [31mInternal server error: Transform failed with 1 error:

[31m[PARSE_ERROR] [0mExpected `:` but found `}`
     [38;5;246m╭[0m[38;5;246m─[0m[38;5;246m[[0m src/components/shop/ShopHeader.tsx:102:42 [38;5;246m][0m
     [38;5;246m│[0m
 [38;5;246m102 │[0m [38;5;249m [0m[38;5;249m [0m[38;5;249m [0m[38;5;249m [0m[38;5;249m [0m[38;5;249m [0m[38;5;249m [0m[38;5;249m [0m[38;5;249m [0m[38;5;249m [0m[38;5;249m [0m[38;5;249m [0m[38;5;249m{[0m[38;5;249md[0m[38;5;249ma[0m[38;5;249mr[0m[38;5;249mk[0m[38;5;249m [0m[38;5;249m?[0m[38;5;249m [0m[38;5;249m{[0m[38;5;249m'[0m[38;5;249m\[0m[38;5;249mu[0m[38;5;249mB[0m[38;5;249m7[0m[38;5;249m7[0m[38;5;249mC[0m[38;5;249m\[0m[38;5;249mu[0m[38;5;249mC[0m[38;5;249m7[0m[38;5;249m7[0m[38;5;249m4[0m[38;5;249m\[0m[38;5;249mu[0m[38;5;249mD[0m[38;5;249m2[0m[38;5;249mB[0m[38;5;249m8[0m[38;5;249m'[0m}[38;5;249m [0m[38;5;249m:[0m[38;5;249m [0m[38;5;249m{[0m[38;5;249m'[0m[38;5;249m\[0m[38;5;249mu[0m[38;5;249mB[0m[38;5;249m2[0m[38;5;249mE[0m[38;5;249m4[0m[38;5;249m\[0m[38;5;249mu[0m[38;5;249mD[0m[38;5;249m0[0m[38;5;249m6[0m[38;5;249mC[0m[38;5;249m'[0m[38;5;249m}[0m[38;5;249m}[0m
 [38;5;240m    │[0m                                          ┬  
 [38;5;240m    │[0m                                          ╰── `:` expected
[38;5;246m─────╯[0m
[39m
  Plugin: [35mvite:oxc[39m
  File: [36mC:/Users/user/Desktop/chulsoo-ya/Chulsoo-ya/client/src/components/shop/ShopHeader.tsx[39m
      at transformWithOxc (file:///C:/Users/user/Desktop/chulsoo-ya/Chulsoo-ya/client/node_modules/vite/dist/node/chunks/node.js:4097:19)
      at TransformPluginContext.transform (file:///C:/Users/user/Desktop/chulsoo-ya/Chulsoo-ya/client/node_modules/vite/dist/node/chunks/node.js:4168:26)
      at EnvironmentPluginContainer.transform (file:///C:/Users/user/Desktop/chulsoo-ya/Chulsoo-ya/client/node_modules/vite/dist/node/chunks/node.js:30851:51)
      at async loadAndTransform (file:///C:/Users/user/Desktop/chulsoo-ya/Chulsoo-ya/client/node_modules/vite/dist/node/chunks/node.js:20619:26)
      at async viteTransformMiddleware (file:///C:/Users/user/Desktop/chulsoo-ya/Chulsoo-ya/client/node_modules/vite/dist/node/chunks/node.js:25142:20)
[2mAM 1:11:05[22m [31m[1m[vite][22m[39m [31m[2m(client)[22m[39m Pre-transform error: Transform failed with 2 errors:

[31m[PARSE_ERROR] [0mExpected corresponding JSX closing tag for 'div'.
     [38;5;246m╭[0m[38;5;246m─[0m[38;5;246m[[0m src/components/shop/ShopHeader.tsx:163:5 [38;5;246m][0m
     [38;5;246m│[0m
 [38;5;246m 78 │[0m [38;5;249m [0m[38;5;249m [0m[38;5;249m [0m[38;5;249m [0m[38;5;249m<[0mdiv[38;5;249m [0m[38;5;249mc[0m[38;5;249ml[0m[38;5;249ma[0m[38;5;249ms[0m[38;5;249ms[0m[38;5;249mN[0m[38;5;249ma[0m[38;5;249mm[0m[38;5;249me[0m[38;5;249m=[0m[38;5;249m"[0m[38;5;249mm[0m[38;5;249mx[0m[38;5;249m-[0m[38;5;249ma[0m[38;5;249mu[0m[38;5;249mt[0m[38;5;249mo[0m[38;5;249m [0m[38;5;249mf[0m[38;5;249ml[0m[38;5;249me[0m[38;5;249mx[0m[38;5;249m [0m[38;5;249mm[0m[38;5;249ma[0m[38;5;249mx[0m[38;5;249m-[0m[38;5;249mw[0m[38;5;249m-[0m[38;5;249m7[0m[38;5;249mx[0m[38;5;249ml[0m[38;5;249m [0m[38;5;249mi[0m[38;5;249mt[0m[38;5;249me[0m[38;5;249mm[0m[38;5;249ms[0m[38;5;249m-[0m[38;5;249mc[0m[38;5;249me[0m[38;5;249mn[0m[38;5;249mt[0m[38;5;249me[0m[38;5;249mr[0m[38;5;249m [0m[38;5;249mg[0m[38;5;249ma[0m[38;5;249mp[0m[38;5;249m-[0m[38;5;249m3[0m[38;5;249m [0m[38;5;249mp[0m[38;5;249mx[0m[38;5;249m-[0m[38;5;249m4[0m[38;5;249m [0m[38;5;249mp[0m[38;5;249my[0m[38;5;249m-[0m[38;5;249m3[0m[38;5;249m [0m[38;5;249mm[0m[38;5;249md[0m[38;5;249m:[0m[38;5;249mg[0m[38;5;249ma[0m[38;5;249mp[0m[38;5;249m-[0m[38;5;249m5[0m[38;5;249m"[0m[38;5;249m>[0m
 [38;5;240m    │[0m      ─┬─  
 [38;5;240m    │[0m       ╰─── Opened here
 [38;5;240m    │[0m 
 [38;5;246m163 │[0m [38;5;249m [0m[38;5;249m [0m[38;5;249m<[0m[38;5;249m/[0mheader[38;5;249m>[0m
 [38;5;240m    │[0m     ───┬──  
 [38;5;240m    │[0m        ╰──── Expected `</div>`
[38;5;246m─────╯[0m

[31m[PARSE_ERROR] [0mUnexpected token. Did you mean `{'}'}` or `&rbrace;`?
     [38;5;246m╭[0m[38;5;246m─[0m[38;5;246m[[0m src/components/shop/ShopHeader.tsx:164:1 [38;5;246m][0m
     [38;5;246m│[0m
 [38;5;246m164 │[0m [38;5;249m}[0m
 [38;5;240m    │[0m │ 
 [38;5;240m    │[0m ╰─ 
[38;5;246m─────╯[0m

  Plugin: [35mvite:oxc[39m
  File: [36mC:/Users/user/Desktop/chulsoo-ya/Chulsoo-ya/client/src/components/shop/ShopHeader.tsx[39m
[2mAM 1:11:05[22m [31m[1m[vite][22m[39m [31mInternal server error: Transform failed with 2 errors:

[31m[PARSE_ERROR] [0mExpected corresponding JSX closing tag for 'div'.
     [38;5;246m╭[0m[38;5;246m─[0m[38;5;246m[[0m src/components/shop/ShopHeader.tsx:163:5 [38;5;246m][0m
     [38;5;246m│[0m
 [38;5;246m 78 │[0m [38;5;249m [0m[38;5;249m [0m[38;5;249m [0m[38;5;249m [0m[38;5;249m<[0mdiv[38;5;249m [0m[38;5;249mc[0m[38;5;249ml[0m[38;5;249ma[0m[38;5;249ms[0m[38;5;249ms[0m[38;5;249mN[0m[38;5;249ma[0m[38;5;249mm[0m[38;5;249me[0m[38;5;249m=[0m[38;5;249m"[0m[38;5;249mm[0m[38;5;249mx[0m[38;5;249m-[0m[38;5;249ma[0m[38;5;249mu[0m[38;5;249mt[0m[38;5;249mo[0m[38;5;249m [0m[38;5;249mf[0m[38;5;249ml[0m[38;5;249me[0m[38;5;249mx[0m[38;5;249m [0m[38;5;249mm[0m[38;5;249ma[0m[38;5;249mx[0m[38;5;249m-[0m[38;5;249mw[0m[38;5;249m-[0m[38;5;249m7[0m[38;5;249mx[0m[38;5;249ml[0m[38;5;249m [0m[38;5;249mi[0m[38;5;249mt[0m[38;5;249me[0m[38;5;249mm[0m[38;5;249ms[0m[38;5;249m-[0m[38;5;249mc[0m[38;5;249me[0m[38;5;249mn[0m[38;5;249mt[0m[38;5;249me[0m[38;5;249mr[0m[38;5;249m [0m[38;5;249mg[0m[38;5;249ma[0m[38;5;249mp[0m[38;5;249m-[0m[38;5;249m3[0m[38;5;249m [0m[38;5;249mp[0m[38;5;249mx[0m[38;5;249m-[0m[38;5;249m4[0m[38;5;249m [0m[38;5;249mp[0m[38;5;249my[0m[38;5;249m-[0m[38;5;249m3[0m[38;5;249m [0m[38;5;249mm[0m[38;5;249md[0m[38;5;249m:[0m[38;5;249mg[0m[38;5;249ma[0m[38;5;249mp[0m[38;5;249m-[0m[38;5;249m5[0m[38;5;249m"[0m[38;5;249m>[0m
 [38;5;240m    │[0m      ─┬─  
 [38;5;240m    │[0m       ╰─── Opened here
 [38;5;240m    │[0m 
 [38;5;246m163 │[0m [38;5;249m [0m[38;5;249m [0m[38;5;249m<[0m[38;5;249m/[0mheader[38;5;249m>[0m
 [38;5;240m    │[0m     ───┬──  
 [38;5;240m    │[0m        ╰──── Expected `</div>`
[38;5;246m─────╯[0m

[31m[PARSE_ERROR] [0mUnexpected token. Did you mean `{'}'}` or `&rbrace;`?
     [38;5;246m╭[0m[38;5;246m─[0m[38;5;246m[[0m src/components/shop/ShopHeader.tsx:164:1 [38;5;246m][0m
     [38;5;246m│[0m
 [38;5;246m164 │[0m [38;5;249m}[0m
 [38;5;240m    │[0m │ 
 [38;5;240m    │[0m ╰─ 
[38;5;246m─────╯[0m
[39m
  Plugin: [35mvite:oxc[39m
  File: [36mC:/Users/user/Desktop/chulsoo-ya/Chulsoo-ya/client/src/components/shop/ShopHeader.tsx[39m
      at transformWithOxc (file:///C:/Users/user/Desktop/chulsoo-ya/Chulsoo-ya/client/node_modules/vite/dist/node/chunks/node.js:4097:19)
      at TransformPluginContext.transform (file:///C:/Users/user/Desktop/chulsoo-ya/Chulsoo-ya/client/node_modules/vite/dist/node/chunks/node.js:4168:26)
      at EnvironmentPluginContainer.transform (file:///C:/Users/user/Desktop/chulsoo-ya/Chulsoo-ya/client/node_modules/vite/dist/node/chunks/node.js:30851:51)
      at async loadAndTransform (file:///C:/Users/user/Desktop/chulsoo-ya/Chulsoo-ya/client/node_modules/vite/dist/node/chunks/node.js:20619:26)
      at async viteTransformMiddleware (file:///C:/Users/user/Desktop/chulsoo-ya/Chulsoo-ya/client/node_modules/vite/dist/node/chunks/node.js:25142:20)
[2mAM 1:11:12[22m [31m[1m[vite][22m[39m [31mInternal server error: Transform failed with 2 errors:

[31m[PARSE_ERROR] [0mExpected corresponding JSX closing tag for 'div'.
     [38;5;246m╭[0m[38;5;246m─[0m[38;5;246m[[0m src/components/shop/ShopHeader.tsx:163:5 [38;5;246m][0m
     [38;5;246m│[0m
 [38;5;246m 78 │[0m [38;5;249m [0m[38;5;249m [0m[38;5;249m [0m[38;5;249m [0m[38;5;249m<[0mdiv[38;5;249m [0m[38;5;249mc[0m[38;5;249ml[0m[38;5;249ma[0m[38;5;249ms[0m[38;5;249ms[0m[38;5;249mN[0m[38;5;249ma[0m[38;5;249mm[0m[38;5;249me[0m[38;5;249m=[0m[38;5;249m"[0m[38;5;249mm[0m[38;5;249mx[0m[38;5;249m-[0m[38;5;249ma[0m[38;5;249mu[0m[38;5;249mt[0m[38;5;249mo[0m[38;5;249m [0m[38;5;249mf[0m[38;5;249ml[0m[38;5;249me[0m[38;5;249mx[0m[38;5;249m [0m[38;5;249mm[0m[38;5;249ma[0m[38;5;249mx[0m[38;5;249m-[0m[38;5;249mw[0m[38;5;249m-[0m[38;5;249m7[0m[38;5;249mx[0m[38;5;249ml[0m[38;5;249m [0m[38;5;249mi[0m[38;5;249mt[0m[38;5;249me[0m[38;5;249mm[0m[38;5;249ms[0m[38;5;249m-[0m[38;5;249mc[0m[38;5;249me[0m[38;5;249mn[0m[38;5;249mt[0m[38;5;249me[0m[38;5;249mr[0m[38;5;249m [0m[38;5;249mg[0m[38;5;249ma[0m[38;5;249mp[0m[38;5;249m-[0m[38;5;249m3[0m[38;5;249m [0m[38;5;249mp[0m[38;5;249mx[0m[38;5;249m-[0m[38;5;249m4[0m[38;5;249m [0m[38;5;249mp[0m[38;5;249my[0m[38;5;249m-[0m[38;5;249m3[0m[38;5;249m [0m[38;5;249mm[0m[38;5;249md[0m[38;5;249m:[0m[38;5;249mg[0m[38;5;249ma[0m[38;5;249mp[0m[38;5;249m-[0m[38;5;249m5[0m[38;5;249m"[0m[38;5;249m>[0m
 [38;5;240m    │[0m      ─┬─  
 [38;5;240m    │[0m       ╰─── Opened here
 [38;5;240m    │[0m 
 [38;5;246m163 │[0m [38;5;249m [0m[38;5;249m [0m[38;5;249m<[0m[38;5;249m/[0mheader[38;5;249m>[0m
 [38;5;240m    │[0m     ───┬──  
 [38;5;240m    │[0m        ╰──── Expected `</div>`
[38;5;246m─────╯[0m

[31m[PARSE_ERROR] [0mUnexpected token. Did you mean `{'}'}` or `&rbrace;`?
     [38;5;246m╭[0m[38;5;246m─[0m[38;5;246m[[0m src/components/shop/ShopHeader.tsx:164:1 [38;5;246m][0m
     [38;5;246m│[0m
 [38;5;246m164 │[0m [38;5;249m}[0m
 [38;5;240m    │[0m │ 
 [38;5;240m    │[0m ╰─ 
[38;5;246m─────╯[0m
[39m
  Plugin: [35mvite:oxc[39m
  File: [36mC:/Users/user/Desktop/chulsoo-ya/Chulsoo-ya/client/src/components/shop/ShopHeader.tsx[39m
      at transformWithOxc (file:///C:/Users/user/Desktop/chulsoo-ya/Chulsoo-ya/client/node_modules/vite/dist/node/chunks/node.js:4097:19)
      at TransformPluginContext.transform (file:///C:/Users/user/Desktop/chulsoo-ya/Chulsoo-ya/client/node_modules/vite/dist/node/chunks/node.js:4168:26)
      at EnvironmentPluginContainer.transform (file:///C:/Users/user/Desktop/chulsoo-ya/Chulsoo-ya/client/node_modules/vite/dist/node/chunks/node.js:30851:51)
      at async loadAndTransform (file:///C:/Users/user/Desktop/chulsoo-ya/Chulsoo-ya/client/node_modules/vite/dist/node/chunks/node.js:20619:26)
      at async viteTransformMiddleware (file:///C:/Users/user/Desktop/chulsoo-ya/Chulsoo-ya/client/node_modules/vite/dist/node/chunks/node.js:25142:20)
[2mAM 1:11:15[22m [31m[1m[vite][22m[39m [31mInternal server error: Transform failed with 2 errors:

[31m[PARSE_ERROR] [0mExpected corresponding JSX closing tag for 'div'.
     [38;5;246m╭[0m[38;5;246m─[0m[38;5;246m[[0m src/components/shop/ShopHeader.tsx:163:5 [38;5;246m][0m
     [38;5;246m│[0m
 [38;5;246m 78 │[0m [38;5;249m [0m[38;5;249m [0m[38;5;249m [0m[38;5;249m [0m[38;5;249m<[0mdiv[38;5;249m [0m[38;5;249mc[0m[38;5;249ml[0m[38;5;249ma[0m[38;5;249ms[0m[38;5;249ms[0m[38;5;249mN[0m[38;5;249ma[0m[38;5;249mm[0m[38;5;249me[0m[38;5;249m=[0m[38;5;249m"[0m[38;5;249mm[0m[38;5;249mx[0m[38;5;249m-[0m[38;5;249ma[0m[38;5;249mu[0m[38;5;249mt[0m[38;5;249mo[0m[38;5;249m [0m[38;5;249mf[0m[38;5;249ml[0m[38;5;249me[0m[38;5;249mx[0m[38;5;249m [0m[38;5;249mm[0m[38;5;249ma[0m[38;5;249mx[0m[38;5;249m-[0m[38;5;249mw[0m[38;5;249m-[0m[38;5;249m7[0m[38;5;249mx[0m[38;5;249ml[0m[38;5;249m [0m[38;5;249mi[0m[38;5;249mt[0m[38;5;249me[0m[38;5;249mm[0m[38;5;249ms[0m[38;5;249m-[0m[38;5;249mc[0m[38;5;249me[0m[38;5;249mn[0m[38;5;249mt[0m[38;5;249me[0m[38;5;249mr[0m[38;5;249m [0m[38;5;249mg[0m[38;5;249ma[0m[38;5;249mp[0m[38;5;249m-[0m[38;5;249m3[0m[38;5;249m [0m[38;5;249mp[0m[38;5;249mx[0m[38;5;249m-[0m[38;5;249m4[0m[38;5;249m [0m[38;5;249mp[0m[38;5;249my[0m[38;5;249m-[0m[38;5;249m3[0m[38;5;249m [0m[38;5;249mm[0m[38;5;249md[0m[38;5;249m:[0m[38;5;249mg[0m[38;5;249ma[0m[38;5;249mp[0m[38;5;249m-[0m[38;5;249m5[0m[38;5;249m"[0m[38;5;249m>[0m
 [38;5;240m    │[0m      ─┬─  
 [38;5;240m    │[0m       ╰─── Opened here
 [38;5;240m    │[0m 
 [38;5;246m163 │[0m [38;5;249m [0m[38;5;249m [0m[38;5;249m<[0m[38;5;249m/[0mheader[38;5;249m>[0m
 [38;5;240m    │[0m     ───┬──  
 [38;5;240m    │[0m        ╰──── Expected `</div>`
[38;5;246m─────╯[0m

[31m[PARSE_ERROR] [0mUnexpected token. Did you mean `{'}'}` or `&rbrace;`?
     [38;5;246m╭[0m[38;5;246m─[0m[38;5;246m[[0m src/components/shop/ShopHeader.tsx:164:1 [38;5;246m][0m
     [38;5;246m│[0m
 [38;5;246m164 │[0m [38;5;249m}[0m
 [38;5;240m    │[0m │ 
 [38;5;240m    │[0m ╰─ 
[38;5;246m─────╯[0m
[39m
  Plugin: [35mvite:oxc[39m
  File: [36mC:/Users/user/Desktop/chulsoo-ya/Chulsoo-ya/client/src/components/shop/ShopHeader.tsx[39m
      at transformWithOxc (file:///C:/Users/user/Desktop/chulsoo-ya/Chulsoo-ya/client/node_modules/vite/dist/node/chunks/node.js:4097:19)
      at TransformPluginContext.transform (file:///C:/Users/user/Desktop/chulsoo-ya/Chulsoo-ya/client/node_modules/vite/dist/node/chunks/node.js:4168:26)
      at EnvironmentPluginContainer.transform (file:///C:/Users/user/Desktop/chulsoo-ya/Chulsoo-ya/client/node_modules/vite/dist/node/chunks/node.js:30851:51)
      at async loadAndTransform (file:///C:/Users/user/Desktop/chulsoo-ya/Chulsoo-ya/client/node_modules/vite/dist/node/chunks/node.js:20619:26)
      at async viteTransformMiddleware (file:///C:/Users/user/Desktop/chulsoo-ya/Chulsoo-ya/client/node_modules/vite/dist/node/chunks/node.js:25142:20)
[2mAM 1:11:27[22m [31m[1m[vite][22m[39m [31mInternal server error: Transform failed with 2 errors:

[31m[PARSE_ERROR] [0mExpected corresponding JSX closing tag for 'div'.
     [38;5;246m╭[0m[38;5;246m─[0m[38;5;246m[[0m src/components/shop/ShopHeader.tsx:163:5 [38;5;246m][0m
     [38;5;246m│[0m
 [38;5;246m 78 │[0m [38;5;249m [0m[38;5;249m [0m[38;5;249m [0m[38;5;249m [0m[38;5;249m<[0mdiv[38;5;249m [0m[38;5;249mc[0m[38;5;249ml[0m[38;5;249ma[0m[38;5;249ms[0m[38;5;249ms[0m[38;5;249mN[0m[38;5;249ma[0m[38;5;249mm[0m[38;5;249me[0m[38;5;249m=[0m[38;5;249m"[0m[38;5;249mm[0m[38;5;249mx[0m[38;5;249m-[0m[38;5;249ma[0m[38;5;249mu[0m[38;5;249mt[0m[38;5;249mo[0m[38;5;249m [0m[38;5;249mf[0m[38;5;249ml[0m[38;5;249me[0m[38;5;249mx[0m[38;5;249m [0m[38;5;249mm[0m[38;5;249ma[0m[38;5;249mx[0m[38;5;249m-[0m[38;5;249mw[0m[38;5;249m-[0m[38;5;249m7[0m[38;5;249mx[0m[38;5;249ml[0m[38;5;249m [0m[38;5;249mi[0m[38;5;249mt[0m[38;5;249me[0m[38;5;249mm[0m[38;5;249ms[0m[38;5;249m-[0m[38;5;249mc[0m[38;5;249me[0m[38;5;249mn[0m[38;5;249mt[0m[38;5;249me[0m[38;5;249mr[0m[38;5;249m [0m[38;5;249mg[0m[38;5;249ma[0m[38;5;249mp[0m[38;5;249m-[0m[38;5;249m3[0m[38;5;249m [0m[38;5;249mp[0m[38;5;249mx[0m[38;5;249m-[0m[38;5;249m4[0m[38;5;249m [0m[38;5;249mp[0m[38;5;249my[0m[38;5;249m-[0m[38;5;249m3[0m[38;5;249m [0m[38;5;249mm[0m[38;5;249md[0m[38;5;249m:[0m[38;5;249mg[0m[38;5;249ma[0m[38;5;249mp[0m[38;5;249m-[0m[38;5;249m5[0m[38;5;249m"[0m[38;5;249m>[0m
 [38;5;240m    │[0m      ─┬─  
 [38;5;240m    │[0m       ╰─── Opened here
 [38;5;240m    │[0m 
 [38;5;246m163 │[0m [38;5;249m [0m[38;5;249m [0m[38;5;249m<[0m[38;5;249m/[0mheader[38;5;249m>[0m
 [38;5;240m    │[0m     ───┬──  
 [38;5;240m    │[0m        ╰──── Expected `</div>`
[38;5;246m─────╯[0m

[31m[PARSE_ERROR] [0mUnexpected token. Did you mean `{'}'}` or `&rbrace;`?
     [38;5;246m╭[0m[38;5;246m─[0m[38;5;246m[[0m src/components/shop/ShopHeader.tsx:164:1 [38;5;246m][0m
     [38;5;246m│[0m
 [38;5;246m164 │[0m [38;5;249m}[0m
 [38;5;240m    │[0m │ 
 [38;5;240m    │[0m ╰─ 
[38;5;246m─────╯[0m
[39m
  Plugin: [35mvite:oxc[39m
  File: [36mC:/Users/user/Desktop/chulsoo-ya/Chulsoo-ya/client/src/components/shop/ShopHeader.tsx[39m
      at transformWithOxc (file:///C:/Users/user/Desktop/chulsoo-ya/Chulsoo-ya/client/node_modules/vite/dist/node/chunks/node.js:4097:19)
      at TransformPluginContext.transform (file:///C:/Users/user/Desktop/chulsoo-ya/Chulsoo-ya/client/node_modules/vite/dist/node/chunks/node.js:4168:26)
      at EnvironmentPluginContainer.transform (file:///C:/Users/user/Desktop/chulsoo-ya/Chulsoo-ya/client/node_modules/vite/dist/node/chunks/node.js:30851:51)
      at async loadAndTransform (file:///C:/Users/user/Desktop/chulsoo-ya/Chulsoo-ya/client/node_modules/vite/dist/node/chunks/node.js:20619:26)
      at async viteTransformMiddleware (file:///C:/Users/user/Desktop/chulsoo-ya/Chulsoo-ya/client/node_modules/vite/dist/node/chunks/node.js:25142:20)
[2mAM 1:11:30[22m [31m[1m[vite][22m[39m [31mInternal server error: Transform failed with 2 errors:

[31m[PARSE_ERROR] [0mExpected corresponding JSX closing tag for 'div'.
     [38;5;246m╭[0m[38;5;246m─[0m[38;5;246m[[0m src/components/shop/ShopHeader.tsx:163:5 [38;5;246m][0m
     [38;5;246m│[0m
 [38;5;246m 78 │[0m [38;5;249m [0m[38;5;249m [0m[38;5;249m [0m[38;5;249m [0m[38;5;249m<[0mdiv[38;5;249m [0m[38;5;249mc[0m[38;5;249ml[0m[38;5;249ma[0m[38;5;249ms[0m[38;5;249ms[0m[38;5;249mN[0m[38;5;249ma[0m[38;5;249mm[0m[38;5;249me[0m[38;5;249m=[0m[38;5;249m"[0m[38;5;249mm[0m[38;5;249mx[0m[38;5;249m-[0m[38;5;249ma[0m[38;5;249mu[0m[38;5;249mt[0m[38;5;249mo[0m[38;5;249m [0m[38;5;249mf[0m[38;5;249ml[0m[38;5;249me[0m[38;5;249mx[0m[38;5;249m [0m[38;5;249mm[0m[38;5;249ma[0m[38;5;249mx[0m[38;5;249m-[0m[38;5;249mw[0m[38;5;249m-[0m[38;5;249m7[0m[38;5;249mx[0m[38;5;249ml[0m[38;5;249m [0m[38;5;249mi[0m[38;5;249mt[0m[38;5;249me[0m[38;5;249mm[0m[38;5;249ms[0m[38;5;249m-[0m[38;5;249mc[0m[38;5;249me[0m[38;5;249mn[0m[38;5;249mt[0m[38;5;249me[0m[38;5;249mr[0m[38;5;249m [0m[38;5;249mg[0m[38;5;249ma[0m[38;5;249mp[0m[38;5;249m-[0m[38;5;249m3[0m[38;5;249m [0m[38;5;249mp[0m[38;5;249mx[0m[38;5;249m-[0m[38;5;249m4[0m[38;5;249m [0m[38;5;249mp[0m[38;5;249my[0m[38;5;249m-[0m[38;5;249m3[0m[38;5;249m [0m[38;5;249mm[0m[38;5;249md[0m[38;5;249m:[0m[38;5;249mg[0m[38;5;249ma[0m[38;5;249mp[0m[38;5;249m-[0m[38;5;249m5[0m[38;5;249m"[0m[38;5;249m>[0m
 [38;5;240m    │[0m      ─┬─  
 [38;5;240m    │[0m       ╰─── Opened here
 [38;5;240m    │[0m 
 [38;5;246m163 │[0m [38;5;249m [0m[38;5;249m [0m[38;5;249m<[0m[38;5;249m/[0mheader[38;5;249m>[0m
 [38;5;240m    │[0m     ───┬──  
 [38;5;240m    │[0m        ╰──── Expected `</div>`
[38;5;246m─────╯[0m

[31m[PARSE_ERROR] [0mUnexpected token. Did you mean `{'}'}` or `&rbrace;`?
     [38;5;246m╭[0m[38;5;246m─[0m[38;5;246m[[0m src/components/shop/ShopHeader.tsx:164:1 [38;5;246m][0m
     [38;5;246m│[0m
 [38;5;246m164 │[0m [38;5;249m}[0m
 [38;5;240m    │[0m │ 
 [38;5;240m    │[0m ╰─ 
[38;5;246m─────╯[0m
[39m
  Plugin: [35mvite:oxc[39m
  File: [36mC:/Users/user/Desktop/chulsoo-ya/Chulsoo-ya/client/src/components/shop/ShopHeader.tsx[39m
      at transformWithOxc (file:///C:/Users/user/Desktop/chulsoo-ya/Chulsoo-ya/client/node_modules/vite/dist/node/chunks/node.js:4097:19)
      at TransformPluginContext.transform (file:///C:/Users/user/Desktop/chulsoo-ya/Chulsoo-ya/client/node_modules/vite/dist/node/chunks/node.js:4168:26)
      at EnvironmentPluginContainer.transform (file:///C:/Users/user/Desktop/chulsoo-ya/Chulsoo-ya/client/node_modules/vite/dist/node/chunks/node.js:30851:51)
      at async loadAndTransform (file:///C:/Users/user/Desktop/chulsoo-ya/Chulsoo-ya/client/node_modules/vite/dist/node/chunks/node.js:20619:26)
      at async viteTransformMiddleware (file:///C:/Users/user/Desktop/chulsoo-ya/Chulsoo-ya/client/node_modules/vite/dist/node/chunks/node.js:25142:20)
[2mAM 1:11:42[22m [31m[1m[vite][22m[39m [31mInternal server error: Transform failed with 2 errors:

[31m[PARSE_ERROR] [0mExpected corresponding JSX closing tag for 'div'.
     [38;5;246m╭[0m[38;5;246m─[0m[38;5;246m[[0m src/components/shop/ShopHeader.tsx:163:5 [38;5;246m][0m
     [38;5;246m│[0m
 [38;5;246m 78 │[0m [38;5;249m [0m[38;5;249m [0m[38;5;249m [0m[38;5;249m [0m[38;5;249m<[0mdiv[38;5;249m [0m[38;5;249mc[0m[38;5;249ml[0m[38;5;249ma[0m[38;5;249ms[0m[38;5;249ms[0m[38;5;249mN[0m[38;5;249ma[0m[38;5;249mm[0m[38;5;249me[0m[38;5;249m=[0m[38;5;249m"[0m[38;5;249mm[0m[38;5;249mx[0m[38;5;249m-[0m[38;5;249ma[0m[38;5;249mu[0m[38;5;249mt[0m[38;5;249mo[0m[38;5;249m [0m[38;5;249mf[0m[38;5;249ml[0m[38;5;249me[0m[38;5;249mx[0m[38;5;249m [0m[38;5;249mm[0m[38;5;249ma[0m[38;5;249mx[0m[38;5;249m-[0m[38;5;249mw[0m[38;5;249m-[0m[38;5;249m7[0m[38;5;249mx[0m[38;5;249ml[0m[38;5;249m [0m[38;5;249mi[0m[38;5;249mt[0m[38;5;249me[0m[38;5;249mm[0m[38;5;249ms[0m[38;5;249m-[0m[38;5;249mc[0m[38;5;249me[0m[38;5;249mn[0m[38;5;249mt[0m[38;5;249me[0m[38;5;249mr[0m[38;5;249m [0m[38;5;249mg[0m[38;5;249ma[0m[38;5;249mp[0m[38;5;249m-[0m[38;5;249m3[0m[38;5;249m [0m[38;5;249mp[0m[38;5;249mx[0m[38;5;249m-[0m[38;5;249m4[0m[38;5;249m [0m[38;5;249mp[0m[38;5;249my[0m[38;5;249m-[0m[38;5;249m3[0m[38;5;249m [0m[38;5;249mm[0m[38;5;249md[0m[38;5;249m:[0m[38;5;249mg[0m[38;5;249ma[0m[38;5;249mp[0m[38;5;249m-[0m[38;5;249m5[0m[38;5;249m"[0m[38;5;249m>[0m
 [38;5;240m    │[0m      ─┬─  
 [38;5;240m    │[0m       ╰─── Opened here
 [38;5;240m    │[0m 
 [38;5;246m163 │[0m [38;5;249m [0m[38;5;249m [0m[38;5;249m<[0m[38;5;249m/[0mheader[38;5;249m>[0m
 [38;5;240m    │[0m     ───┬──  
 [38;5;240m    │[0m        ╰──── Expected `</div>`
[38;5;246m─────╯[0m

[31m[PARSE_ERROR] [0mUnexpected token. Did you mean `{'}'}` or `&rbrace;`?
     [38;5;246m╭[0m[38;5;246m─[0m[38;5;246m[[0m src/components/shop/ShopHeader.tsx:164:1 [38;5;246m][0m
     [38;5;246m│[0m
 [38;5;246m164 │[0m [38;5;249m}[0m
 [38;5;240m    │[0m │ 
 [38;5;240m    │[0m ╰─ 
[38;5;246m─────╯[0m
[39m
  Plugin: [35mvite:oxc[39m
  File: [36mC:/Users/user/Desktop/chulsoo-ya/Chulsoo-ya/client/src/components/shop/ShopHeader.tsx[39m
      at transformWithOxc (file:///C:/Users/user/Desktop/chulsoo-ya/Chulsoo-ya/client/node_modules/vite/dist/node/chunks/node.js:4097:19)
      at TransformPluginContext.transform (file:///C:/Users/user/Desktop/chulsoo-ya/Chulsoo-ya/client/node_modules/vite/dist/node/chunks/node.js:4168:26)
      at EnvironmentPluginContainer.transform (file:///C:/Users/user/Desktop/chulsoo-ya/Chulsoo-ya/client/node_modules/vite/dist/node/chunks/node.js:30851:51)
      at async loadAndTransform (file:///C:/Users/user/Desktop/chulsoo-ya/Chulsoo-ya/client/node_modules/vite/dist/node/chunks/node.js:20619:26)
      at async viteTransformMiddleware (file:///C:/Users/user/Desktop/chulsoo-ya/Chulsoo-ya/client/node_modules/vite/dist/node/chunks/node.js:25142:20)
[2mAM 1:11:43[22m [31m[1m[vite][22m[39m [31mInternal server error: Transform failed with 2 errors:

[31m[PARSE_ERROR] [0mExpected corresponding JSX closing tag for 'div'.
     [38;5;246m╭[0m[38;5;246m─[0m[38;5;246m[[0m src/components/shop/ShopHeader.tsx:163:5 [38;5;246m][0m
     [38;5;246m│[0m
 [38;5;246m 78 │[0m [38;5;249m [0m[38;5;249m [0m[38;5;249m [0m[38;5;249m [0m[38;5;249m<[0mdiv[38;5;249m [0m[38;5;249mc[0m[38;5;249ml[0m[38;5;249ma[0m[38;5;249ms[0m[38;5;249ms[0m[38;5;249mN[0m[38;5;249ma[0m[38;5;249mm[0m[38;5;249me[0m[38;5;249m=[0m[38;5;249m"[0m[38;5;249mm[0m[38;5;249mx[0m[38;5;249m-[0m[38;5;249ma[0m[38;5;249mu[0m[38;5;249mt[0m[38;5;249mo[0m[38;5;249m [0m[38;5;249mf[0m[38;5;249ml[0m[38;5;249me[0m[38;5;249mx[0m[38;5;249m [0m[38;5;249mm[0m[38;5;249ma[0m[38;5;249mx[0m[38;5;249m-[0m[38;5;249mw[0m[38;5;249m-[0m[38;5;249m7[0m[38;5;249mx[0m[38;5;249ml[0m[38;5;249m [0m[38;5;249mi[0m[38;5;249mt[0m[38;5;249me[0m[38;5;249mm[0m[38;5;249ms[0m[38;5;249m-[0m[38;5;249mc[0m[38;5;249me[0m[38;5;249mn[0m[38;5;249mt[0m[38;5;249me[0m[38;5;249mr[0m[38;5;249m [0m[38;5;249mg[0m[38;5;249ma[0m[38;5;249mp[0m[38;5;249m-[0m[38;5;249m3[0m[38;5;249m [0m[38;5;249mp[0m[38;5;249mx[0m[38;5;249m-[0m[38;5;249m4[0m[38;5;249m [0m[38;5;249mp[0m[38;5;249my[0m[38;5;249m-[0m[38;5;249m3[0m[38;5;249m [0m[38;5;249mm[0m[38;5;249md[0m[38;5;249m:[0m[38;5;249mg[0m[38;5;249ma[0m[38;5;249mp[0m[38;5;249m-[0m[38;5;249m5[0m[38;5;249m"[0m[38;5;249m>[0m
 [38;5;240m    │[0m      ─┬─  
 [38;5;240m    │[0m       ╰─── Opened here
 [38;5;240m    │[0m 
 [38;5;246m163 │[0m [38;5;249m [0m[38;5;249m [0m[38;5;249m<[0m[38;5;249m/[0mheader[38;5;249m>[0m
 [38;5;240m    │[0m     ───┬──  
 [38;5;240m    │[0m        ╰──── Expected `</div>`
[38;5;246m─────╯[0m

[31m[PARSE_ERROR] [0mUnexpected token. Did you mean `{'}'}` or `&rbrace;`?
     [38;5;246m╭[0m[38;5;246m─[0m[38;5;246m[[0m src/components/shop/ShopHeader.tsx:164:1 [38;5;246m][0m
     [38;5;246m│[0m
 [38;5;246m164 │[0m [38;5;249m}[0m
 [38;5;240m    │[0m │ 
 [38;5;240m    │[0m ╰─ 
[38;5;246m─────╯[0m
[39m
  Plugin: [35mvite:oxc[39m
  File: [36mC:/Users/user/Desktop/chulsoo-ya/Chulsoo-ya/client/src/components/shop/ShopHeader.tsx[39m
      at transformWithOxc (file:///C:/Users/user/Desktop/chulsoo-ya/Chulsoo-ya/client/node_modules/vite/dist/node/chunks/node.js:4097:19)
      at TransformPluginContext.transform (file:///C:/Users/user/Desktop/chulsoo-ya/Chulsoo-ya/client/node_modules/vite/dist/node/chunks/node.js:4168:26)
      at EnvironmentPluginContainer.transform (file:///C:/Users/user/Desktop/chulsoo-ya/Chulsoo-ya/client/node_modules/vite/dist/node/chunks/node.js:30851:51)
      at async loadAndTransform (file:///C:/Users/user/Desktop/chulsoo-ya/Chulsoo-ya/client/node_modules/vite/dist/node/chunks/node.js:20619:26)
      at async viteTransformMiddleware (file:///C:/Users/user/Desktop/chulsoo-ya/Chulsoo-ya/client/node_modules/vite/dist/node/chunks/node.js:25142:20)
